"GENERAL DONOVAN","CHACO"
"ISCHILIN","CÓRDOBA"
"LANGUIÑEO","CHUBUT"
"RIO SENGUER","CHUBUT"
"HURLINGHAM","BUENOS AIRES"
"CONSTITUCION","SANTA FE"
"GENERAL PEDERNERA","SAN LUIS"
"COCHINOCA","JUJUY"
"GAIMAN","CHUBUT"
"EL CUY","RÍO NEGRO"
"SALAVINA","SANTIAGO DEL ESTERO"
"MALARGUE","MENDOZA"
"MINAS","CÓRDOBA"
"IRIONDO","SANTA FE"
"LAGO ARGENTINO","SANTA CRUZ"
"COLON","BUENOS AIRES"
"BENITO JUAREZ","BUENOS AIRES"
"FEDERACION","ENTRE RÍOS"
"12 DE OCTUBRE","CHACO"
"UNION","CÓRDOBA"
"GUALEGUAY","ENTRE RÍOS"
"LA CALDERA","SALTA"
"FRAY MAMERTO ESQUIU","CATAMARCA"
"OLAVARRIA","BUENOS AIRES"
"CASTELLANOS","SANTA FE"
"CASEROS","SANTA FE"
"SANTA VICTORIA","SALTA"
"METAN","SALTA"
"LA PAZ","ENTRE RÍOS"
"CURACO","LA PAMPA"
"ROSARIO","SANTA FE"
"GENERAL BELGRANO","CHACO"
"LIBERTADOR GENERAL SAN MARTÍN","SAN LUIS"
"DESEADO","SANTA CRUZ"
"SANAGASTA","LA RIOJA"
"ALMIRANTE BROWN","BUENOS AIRES"
"FEDERAL","ENTRE RÍOS"
"JOSE C PAZ","BUENOS AIRES"
"SARMIENTO","SANTIAGO DEL ESTERO"
"ROJAS","BUENOS AIRES"
"AGUIRRE","SANTIAGO DEL ESTERO"
"CALAMUCHITA","CÓRDOBA"
"MAGALLANES","SANTA CRUZ"
"SAN CRISTOBAL","SANTA FE"
"TILCARA","JUJUY"
"CORONEL PRINGLES","SAN LUIS"
"25 DE MAYO","RÍO NEGRO"
"GENERAL BELGRANO","BUENOS AIRES"
"LAVALLE","CORRIENTES"
"MAYOR LUIS J FONTANA","CHACO"
"LAS COLONIAS","SANTA FE"
"RIO SECO","CÓRDOBA"
"LIBERTADOR GENERAL SAN MARTÍN","MISIONES"
"POCHO","CÓRDOBA"
"GENERAL SAN MARTIN","CÓRDOBA"
"GUALEGUAYCHU","ENTRE RÍOS"
"DIAMANTE","ENTRE RÍOS"
"TUMBAYA","JUJUY"
"MARCOS JUAREZ","CÓRDOBA"
"GENERAL GUEMES","CHACO"
"COLON","CÓRDOBA"
"GENERAL LOPEZ","SANTA FE"
"SAN MARTIN","SANTA FE"
"LA CANDELARIA","SALTA"
"SANTA MARÍA","CÓRDOBA"
"SAN CARLOS","MENDOZA"
"UTRACAN","LA PAMPA"
"SAN MARTIN","MENDOZA"
"CUSHAMEN","CHUBUT"
"RIO PRIMERO","CÓRDOBA"
"PUNILLA","CÓRDOBA"
"CRUZ ALTA","TUCUMÁN"
"SUIPACHA","BUENOS AIRES"
"GENERAL OBLIGADO","SANTA FE"
"CAFAYATE","SALTA"
"REALICO","LA PAMPA"
"ALBERDI","SANTIAGO DEL ESTERO"
"VALCHETA","RÍO NEGRO"
"FORMOSA","FORMOSA"
"LOBERIA","BUENOS AIRES"
"BELEN","CATAMARCA"
"VILLAGUAY","ENTRE RÍOS"
"CONFLUENCIA","NEUQUÉN"
"CHICLIGASTA","TUCUMÁN"
"PATIÑO","FORMOSA"
"PILCANIYEU","RÍO NEGRO"
"EMPEDRADO","CORRIENTES"
"GOYA","CORRIENTES"
"SALADAS","CORRIENTES"
"BELLA VISTA","CORRIENTES"
"ORAN","SALTA"
"SAN JAVIER","SANTA FE"
"ADOLFO ALSINA","RÍO NEGRO"
"CATAN LIL","NEUQUÉN"
"MINAS","NEUQUÉN"
"RIO SEGUNDO","CÓRDOBA"
"GUASAYAN","SANTIAGO DEL ESTERO"
"SAN JERONIMO","SANTA FE"
"SARGENTO CABRAL","CHACO"
"ITUZAINGO","CORRIENTES"
"SAN ROQUE","CORRIENTES"
"COLON","ENTRE RÍOS"
"FELICIANO","ENTRE RÍOS"
"ISLAS DEL IBICUY","ENTRE RÍOS"
"NOGOYA","ENTRE RÍOS"
"PARANA","ENTRE RÍOS"
"SAN SALVADOR","ENTRE RÍOS"
"URUGUAY","ENTRE RÍOS"
"VICTORIA","ENTRE RÍOS"
"PICHI MAHUIDA","RÍO NEGRO"
"GUER AIKE","SANTA CRUZ"
"BANDA","SANTIAGO DEL ESTERO"
"CAPITAL","SANTIAGO DEL ESTERO"
"COPO","SANTIAGO DEL ESTERO"
"JUAN F IBARRA","SANTIAGO DEL ESTERO"
"PELLEGRINI","SANTIAGO DEL ESTERO"
"ROBLES","SANTIAGO DEL ESTERO"
"SIMOCA","TUCUMÁN"
"MONTEROS","TUCUMÁN"
"ATAMISQUI","SANTIAGO DEL ESTERO"
"AVELLANEDA","SANTIAGO DEL ESTERO"
"LORETO","SANTIAGO DEL ESTERO"
"FIGUEROA","SANTIAGO DEL ESTERO"
"GENERAL TABOADA","SANTIAGO DEL ESTERO"
"JIMENEZ","SANTIAGO DEL ESTERO"
"MORENO","SANTIAGO DEL ESTERO"
"OJO DE AGUA","SANTIAGO DEL ESTERO"
"RIO HONDO","SANTIAGO DEL ESTERO"
"SAN MARTIN","SANTIAGO DEL ESTERO"
"SILIPICA","SANTIAGO DEL ESTERO"
"SAN PEDRO","MISIONES"
"LACAR","NEUQUÉN"
"25 DE MAYO","CHACO"
"CONCORDIA","ENTRE RÍOS"
"TALA","ENTRE RÍOS"
"JUNIN","SAN LUIS"
"CURUZU CUATIA","CORRIENTES"
"SAN ANTONIO","RÍO NEGRO"
"VERA","SANTA FE"
"CAINGUAS","MISIONES"
"GENERAL VILLEGAS","BUENOS AIRES"
"ESTEBAN ECHEVERRIA","BUENOS AIRES"
"GENERAL ROCA","CÓRDOBA"
"MONTE","BUENOS AIRES"
"APOSTOLES","MISIONES"
"ARAUCO","LA RIOJA"
"BALCARCE","BUENOS AIRES"
"SAN LUIS DEL PALMAR","CORRIENTES"
"GENERAL ROCA","RÍO NEGRO"
"TOTORAL","CÓRDOBA"
"TERCERO ARRIBA","CÓRDOBA"
"CAPITAL","LA PAMPA"
"LEDESMA","JUJUY"
"AMBATO","CATAMARCA"
"BERMEJO","FORMOSA"
"BERMEJO","CHACO"
"TAFI DEL VALLE","TUCUMÁN"
"GENERAL ALVEAR","CORRIENTES"
"CHOS MALAL","NEUQUÉN"
"SAN JUSTO","SANTA FE"
"ANTA","SALTA"
"SAN PEDRO","JUJUY"
"LA CAPITAL","SANTA FE"
"BARILOCHE","RÍO NEGRO"
"TOAY","LA PAMPA"
"PILCOMAYO","FORMOSA"
"EL CARMEN","JUJUY"
"USHUAIA","TIERRA DEL FUEGO, ANTÁRTIDA E ISLAS DEL ATLÁNTICO SUR"
"AYACUCHO","SAN LUIS"
"BELGRANO","SANTA FE"
"GENERAL JOSE DE SAN MARTÍN","SALTA"
"PRESIDENTE PERON","BUENOS AIRES"
"LEALES","TUCUMÁN"
"JUAREZ CELMAN","CÓRDOBA"
"CHACABUCO","SAN LUIS"
"SAN ALBERTO","CÓRDOBA"
"PUELEN","LA PAMPA"
"SAN JUSTO","CÓRDOBA"
"SAN IGNACIO","MISIONES"
"LONCOPUE","NEUQUÉN"
"OBERA","MISIONES"
"SANTA BARBARA","JUJUY"
"SANTA MARIA","CATAMARCA"
"SAN JAVIER","MISIONES"
"LULES","TUCUMÁN"
"ZONDA","SAN JUAN"
"CONHELO","LA PAMPA"
"BURRUYACU","TUCUMÁN"
"LA PAZ","CATAMARCA"
"RIO CUARTO","CÓRDOBA"
"FUTALEUFU","CHUBUT"
"JACHAL","SAN JUAN"
"RIO CHICO","TUCUMÁN"
"9 DE JULIO","SANTA FE"
"TAFI VIEJO","TUCUMÁN"
"CHICOANA","SALTA"
"SANTA CATALINA","JUJUY"
"CRUZ DEL EJE","CÓRDOBA"
"SOBREMONTE","CÓRDOBA"
"CARMEN DE ARECO","BUENOS AIRES"
"CANDELARIA","MISIONES"
"PICUN LEUFU","NEUQUÉN"
"BIEDMA","CHUBUT"
"COLLON CURA","NEUQUÉN"
"LIBERTADOR GENERAL SAN MARTÍN","CHACO"
"LA PAZ","MENDOZA"
"AÑELO","NEUQUÉN"
"PIRANE","FORMOSA"
"SAN FERNANDO","CHACO"
"SAN COSME","CORRIENTES"
"TEHUELCHES","CHUBUT"
"GUAMINI","BUENOS AIRES"
"CHACABUCO","BUENOS AIRES"
"LIBERTAD","CHACO"
"PILAGAS","FORMOSA"
"O HIGGINS","CHACO"
"YERBA BUENA","TUCUMÁN"
"CONCEPCION","CORRIENTES"
"TULUMBA","CÓRDOBA"
"LAVALLE","MENDOZA"
"LAISHI","FORMOSA"
"GARAY","SANTA FE"
"ESCALANTE","CHUBUT"
"RANCUL","LA PAMPA"
"GENERAL PUEYRREDON","BUENOS AIRES"
"DOCTOR MANUEL BELGRANO","JUJUY"
"POMAN","CATAMARCA"
"CHOYA","SANTIAGO DEL ESTERO"
"SAN LORENZO","SANTA FE"
"CONCEPCION","MISIONES"
"EL ALTO","CATAMARCA"
"RIVADAVIA","SALTA"
"POCITO","SAN JUAN"
"PRESIDENCIA DE LA PLAZA","CHACO"
"JUAN MARTÍN DE PUEYRREDÓN","SAN LUIS"
"RÍO CHICO","SANTA CRUZ"
"LIMAY MAHUIDA","LA PAMPA"
"CHAMICAL","LA RIOJA"
"PILAR","BUENOS AIRES"
"GENERAL GUEMES","SALTA"
"GENERAL PINTO","BUENOS AIRES"
"PRESIDENTE ROQUE SAENZ PEÑA","CÓRDOBA"
"RAWSON","CHUBUT"
"VICENTE LOPEZ","BUENOS AIRES"
"GENERAL JUAN MADARIAGA","BUENOS AIRES"
"SALADILLO","BUENOS AIRES"
"SAN LORENZO","CHACO"
"ANDALGALÁ","CATAMARCA"
"1° DE MAYO","CHACO"
"LA COCHA","TUCUMÁN"
"FLORENTINO AMEGHINO","CHUBUT"
"VILLARINO","BUENOS AIRES"
"SAN PEDRO","BUENOS AIRES"
"LOS LAGOS","NEUQUÉN"
"SAN JAVIER","CÓRDOBA"
"ELDORADO","MISIONES"
"GENERAL GUIDO","BUENOS AIRES"
"QUEMU QUEMU","LA PAMPA"
"CHAPALEUFU","LA PAMPA"
"SAN ISIDRO","BUENOS AIRES"
"COMUNA 9","CIUDAD DE BUENOS AIRES"
"MATACOS","FORMOSA"
"GENERAL PAZ","CORRIENTES"
"TELSEN","CHUBUT"
"TIGRE","BUENOS AIRES"
"HUCAL","LA PAMPA"
"CAPAYAN","CATAMARCA"
"MONTE CASEROS","CORRIENTES"
"COMUNA 6","CIUDAD DE BUENOS AIRES"
"VALLE GRANDE","JUJUY"
"LA POMA","SALTA"
"COMUNA 3","CIUDAD DE BUENOS AIRES"
"CASTELLI","BUENOS AIRES"
"CORPEN AIKE","SANTA CRUZ"
"COMUNA 7","CIUDAD DE BUENOS AIRES"
"CATRILO","LA PAMPA"
"MARACO","LA PAMPA"
"SAN CAYETANO","BUENOS AIRES"
"LEANDRO N. ALEM","MISIONES"
"PINAMAR","BUENOS AIRES"
"LOS ANDES","SALTA"
"TRENQUE LAUQUEN","BUENOS AIRES"
"VALLE VIEJO","CATAMARCA"
"LOVENTUE","LA PAMPA"
"CORONEL DORREGO","BUENOS AIRES"
"QUEBRACHOS","SANTIAGO DEL ESTERO"
"CERRILLOS","SALTA"
"COMUNA 12","CIUDAD DE BUENOS AIRES"
"SUSQUES","JUJUY"
"ENSENADA","BUENOS AIRES"
"ALBERTI","BUENOS AIRES"
"ITATI","CORRIENTES"
"SANTA ROSA","MENDOZA"
"GENERAL OCAMPO","LA RIOJA"
"MOLINOS","SALTA"
"MONTECARLO","MISIONES"
"LOMAS DE ZAMORA","BUENOS AIRES"
"GUARANI","MISIONES"
"PEHUENCHES","NEUQUÉN"
"IRUYA","SALTA"
"ALUMINE","NEUQUÉN"
"CAMPANA","BUENOS AIRES"
"ANCASTI","CATAMARCA"
"CAUCETE","SAN JUAN"
"SAN BLAS DE LOS SAUCES","LA RIOJA"
"ÑORQUINCO","RÍO NEGRO"
"GOBERNADOR DUPUY","SAN LUIS"
"GENERAL ALVARADO","BUENOS AIRES"
"PASO DE INDIOS","CHUBUT"
"EZEIZA","BUENOS AIRES"
"ÑORQUIN","NEUQUÉN"
"AVELLANEDA","RÍO NEGRO"
"PACLIN","CATAMARCA"
"LIHUEL CALEL","LA PAMPA"
"SAN CARLOS","SALTA"
"IGUAZU","MISIONES"
"COMUNA 11","CIUDAD DE BUENOS AIRES"
"GUACHIPAS","SALTA"
"MITRE","SANTIAGO DEL ESTERO"
"SAN MIGUEL","BUENOS AIRES"
"ADOLFO ALSINA","BUENOS AIRES"
"SAAVEDRA","BUENOS AIRES"
"COMUNA 14","CIUDAD DE BUENOS AIRES"
"CALINGASTA","SAN JUAN"
"INDEPENDENCIA","CHACO"
"ISLAS DEL ATLANTICO SUR","TIERRA DEL FUEGO, ANTÁRTIDA E ISLAS DEL ATLÁNTICO SUR"
"ULLUM","SAN JUAN"
"CAPITAL","MISIONES"
"JUAN B ALBERDI","TUCUMÁN"
"ADOLFO GONZALES CHAVES","BUENOS AIRES"
"HUMAHUACA","JUJUY"
"SAN ANTONIO","JUJUY"
"TRES DE FEBRERO","BUENOS AIRES"
"CONESA","RÍO NEGRO"
"SAN ANDRES DE GILES","BUENOS AIRES"
"YAVI","JUJUY"
"CAPITAL","SAN JUAN"
"2 DE ABRIL","CHACO"
"GUATRACHE","LA PAMPA"
"SALLIQUELO","BUENOS AIRES"
"GENERAL BELGRANO","LA RIOJA"
"25 DE MAYO","MISIONES"
"CAPITAL","SALTA"
"9 DE JULIO","SAN JUAN"
"BRANDSEN","BUENOS AIRES"
"ATREUCO","LA PAMPA"
"MONTE HERMOSO","BUENOS AIRES"
"TRES LOMAS","BUENOS AIRES"
"PASO DE LOS LIBRES","CORRIENTES"
"RAMON LISTA","FORMOSA"
"MAIPU","CHACO"
"GENERAL ALVEAR","MENDOZA"
"MERLO","BUENOS AIRES"
"QUILMES","BUENOS AIRES"
"JUNIN","BUENOS AIRES"
"ESQUINA","CORRIENTES"
"COMUNA 10","CIUDAD DE BUENOS AIRES"
"IGLESIA","SAN JUAN"
"BERAZATEGUI","BUENOS AIRES"
"9 DE JULIO","RÍO NEGRO"
"BELGRANO","SANTIAGO DEL ESTERO"
"CALEU CALEU","LA PAMPA"
"LAS HERAS","MENDOZA"
"CAPITAL","MENDOZA"
"SANTA ROSA","CATAMARCA"
"PICUNCHES","NEUQUÉN"
"BRAGADO","BUENOS AIRES"
"MAGDALENA","BUENOS AIRES"
"TRANCAS","TUCUMÁN"
"TINOGASTA","CATAMARCA"
"ZAPALA","NEUQUÉN"
"HIPOLITO YRIGOYEN","BUENOS AIRES"
"ROSARIO VERA PEÑALOZA","LA RIOJA"
"CHICAL CO","LA PAMPA"
"ROSARIO DE LA FRONTERA","SALTA"
"RIVADAVIA","SANTIAGO DEL ESTERO"
"CACHI","SALTA"
"PATAGONES","BUENOS AIRES"
"CHILECITO","LA RIOJA"
"LANÚS","BUENOS AIRES"
"TAPENAGA","CHACO"
"TRENEL","LA PAMPA"
"CHASCOMUS","BUENOS AIRES"
"SAN MARTIN","CORRIENTES"
"MERCEDES","BUENOS AIRES"
"VINCHINA","LA RIOJA"
"RIVADAVIA","BUENOS AIRES"
"BELGRANO","SAN LUIS"
"SANTO TOME","CORRIENTES"
"GUAYMALLEN","MENDOZA"
"HUILICHES","NEUQUÉN"
"CORONEL PRINGLES","BUENOS AIRES"
"CAPITAN SARMIENTO","BUENOS AIRES"
"GENERAL SAN MARTIN","BUENOS AIRES"
"FAMATINA","LA RIOJA"
"COMUNA 13","CIUDAD DE BUENOS AIRES"
"CAPITAL","CATAMARCA"
"RAMALLO","BUENOS AIRES"
"PILA","BUENOS AIRES"
"COMUNA 2","CIUDAD DE BUENOS AIRES"
"LAS FLORES","BUENOS AIRES"
"ALMIRANTE BROWN","CHACO"
"NECOCHEA","BUENOS AIRES"
"GENERAL RODRIGUEZ","BUENOS AIRES"
"AZUL","BUENOS AIRES"
"COMUNA 5","CIUDAD DE BUENOS AIRES"
"CAÑUELAS","BUENOS AIRES"
"CARLOS CASARES","BUENOS AIRES"
"SAN NICOLAS","BUENOS AIRES"
"MAIPU","BUENOS AIRES"
"MALVINAS ARGENTINAS","BUENOS AIRES"
"25 DE MAYO","SAN JUAN"
"CAPITAL","LA RIOJA"
"PEHUAJO","BUENOS AIRES"
"SAN VICENTE","BUENOS AIRES"
"MERCEDES","CORRIENTES"
"COMUNA 15","CIUDAD DE BUENOS AIRES"
"GENERAL LAMADRID","LA RIOJA"
"PERGAMINO","BUENOS AIRES"
"MORENO","BUENOS AIRES"
"CORONEL DE MARINA L ROSALES","BUENOS AIRES"
"ANGACO","SAN JUAN"
"SARMIENTO","CHUBUT"
"VALLE FERTIL","SAN JUAN"
"LA VIÑA","SALTA"
"SARMIENTO","SAN JUAN"
"LINCOLN","BUENOS AIRES"
"RIO GRANDE","TIERRA DEL FUEGO, ANTÁRTIDA E ISLAS DEL ATLÁNTICO SUR"
"FLORENTINO AMEGHINO","BUENOS AIRES"
"LEZAMA","BUENOS AIRES"
"COMUNA 1","CIUDAD DE BUENOS AIRES"
"MARTIRES","CHUBUT"
"ROSARIO DE LERMA","SALTA"
"ANTÁRTIDA ARGENTINA","TIERRA DEL FUEGO, ANTÁRTIDA E ISLAS DEL ATLÁNTICO SUR"
"SAN MIGUEL","CORRIENTES"
"COMUNA 8","CIUDAD DE BUENOS AIRES"
"GASTRE","CHUBUT"
"COMANDANTE FERNANDEZ","CHACO"
"MORON","BUENOS AIRES"
"ESCOBAR","BUENOS AIRES"
"BERON DE ASTRADA","CORRIENTES"
"CAPITAL","CORRIENTES"
"BERISSO","BUENOS AIRES"
"BOLIVAR","BUENOS AIRES"
"GODOY CRUZ","MENDOZA"
"EXALTACIÓN DE LA CRUZ","BUENOS AIRES"
"GENERAL ALVEAR","BUENOS AIRES"
"MAIPU","MENDOZA"
"CORONEL FELIPE VARELA","LA RIOJA"
"COMUNA 4","CIUDAD DE BUENOS AIRES"
"RIVADAVIA","SAN JUAN"
"MBURUCUYA","CORRIENTES"
"TORNQUIST","BUENOS AIRES"
"ZARATE","BUENOS AIRES"
"LEANDRO N ALEM","BUENOS AIRES"
"ANTOFAGASTA DE LA SIERRA","CATAMARCA"
"LUJAN","BUENOS AIRES"
"LA COSTA","BUENOS AIRES"
"TUPUNGATO","MENDOZA"
"GRANEROS","TUCUMÁN"
"CHACABUCO","CHACO"
"GENERAL PAZ","BUENOS AIRES"
"RAUCH","BUENOS AIRES"
"CHIVILCOY","BUENOS AIRES"
"SAUCE","CORRIENTES"
"LUJAN DE CUYO","MENDOZA"
"SAN FERNANDO","BUENOS AIRES"
"BARADERO","BUENOS AIRES"
"TUNUYAN","MENDOZA"
"MARCOS PAZ","BUENOS AIRES"
"ITUZAINGO","BUENOS AIRES"
"RIVADAVIA","MENDOZA"
"LOBOS","BUENOS AIRES"
"9 DE JULIO","BUENOS AIRES"
"SANTA LUCIA","SAN JUAN"
"BAHÍA BLANCA","BUENOS AIRES"
"RINCONADA","JUJUY"
"GENERAL JUAN F QUIROGA","LA RIOJA"
"ALBARDON","SAN JUAN"
"9 DE JULIO","CHACO"
"GENERAL LAVALLE","BUENOS AIRES"
"GENERAL SAN MARTÍN","LA RIOJA"
"DAIREAUX","BUENOS AIRES"
"CARLOS TEJEDOR","BUENOS AIRES"
"FRAY JUSTO SANTA MARÍA DE ORO","CHACO"
"TOLHUIN","TIERRA DEL FUEGO, ANTÁRTIDA E ISLAS DEL ATLÁNTICO SUR"
"LA MATANZA","BUENOS AIRES"
"PALPALA","JUJUY"
"25 DE MAYO","BUENOS AIRES"
"AVELLANEDA","BUENOS AIRES"
"ARRECIFES","BUENOS AIRES"
"LAPRIDA","BUENOS AIRES"
"CAPITAL","TUCUMÁN"
"TAPALQUE","BUENOS AIRES"
"PUAN","BUENOS AIRES"
"PELLEGRINI","BUENOS AIRES"
"JUNIN","MENDOZA"
"INDEPENDENCIA","LA RIOJA"
"CAPITAL","CÓRDOBA"
"CASTRO BARROS","LA RIOJA"
"GENERAL MANUEL BELGRANO","MISIONES"
"DOLORES","BUENOS AIRES"
"GENERAL ARENALES","BUENOS AIRES"
"CHIMBAS","SAN JUAN"
"GENERAL LAS HERAS","BUENOS AIRES"
"GENERAL VIAMONTE","BUENOS AIRES"
"SAN ANTONIO DE ARECO","BUENOS AIRES"
"SALTO","BUENOS AIRES"
"NAVARRO","BUENOS AIRES"
"LA PLATA","BUENOS AIRES"
"PUNTA INDIO","BUENOS AIRES"
"TRES ARROYOS","BUENOS AIRES"
"FAMAILLA","TUCUMÁN"
"GENERAL LA MADRID","BUENOS AIRES"
"RAWSON","SAN JUAN"
"SAN RAFAEL","MENDOZA"
"CORONEL SUAREZ","BUENOS AIRES"
"CHALILEO","LA PAMPA"
"LAGO BUENOS AIRES","SANTA CRUZ"
"VILLA GESELL","BUENOS AIRES"
"TANDIL","BUENOS AIRES"
"FLORENCIO VARELA","BUENOS AIRES"
"MAR CHIQUITA","BUENOS AIRES"
"QUITILIPI","CHACO"
"SAN MARTIN","SAN JUAN"
"AYACUCHO","BUENOS AIRES"
"TORDILLO","BUENOS AIRES"
"GENERAL ÁNGEL VERA PEÑALOZA","LA RIOJA"
"ROQUE PEREZ","BUENOS AIRES"