"LA ESCONDIDA","GENERAL DONOVAN"
"QUILINO","ISCHILIN"
"CARRENLEUFU","LANGUIÑEO"
"LAGO BLANCO","RIO SENGUER"
"HURLINGHAM","HURLINGHAM"
"GODOY","CONSTITUCION"
"VILLA MERCEDES","GENERAL PEDERNERA"
"BARRANCAS","COCHINOCA"
"28 DE JULIO","GAIMAN"
"NAUPA HUEN","EL CUY"
"CHILCA JULIANA","SALAVINA"
"MALARGUE","MALARGUE"
"ESTANCIA DE GUADALUPE","MINAS"
"CORREA","IRIONDO"
"EL CHALTEN","LAGO ARGENTINO"
"COLON","COLON"
"BENITO JUAREZ","BENITO JUAREZ"
"LOS CONQUISTADORES","FEDERACION"
"GANCEDO","12 DE OCTUBRE"
"LABORDE","UNION"
"GENERAL GALARZA","GUALEGUAY"
"LA CALDERA","LA CALDERA"
"FRAY MAMERTO ESQUIU","FRAY MAMERTO ESQUIU"
"OLAVARRIA","OLAVARRIA"
"COLONIA ITURRASPE","CASTELLANOS"
"AREQUITO","CASEROS"
"SANTA VICTORIA OESTE","SANTA VICTORIA"
"RIO PIEDRAS","METAN"
"SAN RAMIREZ","LA PAZ"
"PUELCHES","CURACO"
"GENERAL LAGOS","ROSARIO"
"CORZUELA","GENERAL BELGRANO"
"LAS AGUADAS","LIBERTADOR GENERAL SAN MARTÍN"
"CAÑADON SECO","DESEADO"
"SANAGASTA","SANAGASTA"
"ALMIRANTE BROWN","ALMIRANTE BROWN"
"BELL VILLE","UNION"
"CALETA OLIVIA","DESEADO"
"NUEVA VIZCAYA","FEDERAL"
"JOSE C PAZ","JOSE C PAZ"
"GARZA","SARMIENTO"
"ROJAS","ROJAS"
"PINTO","AGUIRRE"
"AMBOY","CALAMUCHITA"
"AREA SIN GOBIERNO","MAGALLANES"
"SUARDI","SAN CRISTOBAL"
"HUACALERA","TILCARA"
"LA TOMA","CORONEL PRINGLES"
"MAQUINCHAO","25 DE MAYO"
"GENERAL BELGRANO","GENERAL BELGRANO"
"LAVALLE","LAVALLE"
"ENRIQUE URIEN","MAYOR LUIS J FONTANA"
"SANTA CLARA DE BUENA VISTA","LAS COLONIAS"
"AREA SIN GOBIERNO","RIO SECO"
"GARUHAPE","LIBERTADOR GENERAL SAN MARTÍN"
"SALSACATE","POCHO"
"AREA SIN GOBIERNO","UNION"
"LUCA","GENERAL SAN MARTIN"
"ENRIQUE CARBO","GUALEGUAYCHU"
"EL CARMEN - ESTACION RACEDO","DIAMANTE"
"TUMBAYA","TUMBAYA"
"LEONES","MARCOS JUAREZ"
"MIRAFLORES","GENERAL GUEMES"
"COLONIA TIROLESA","COLON"
"LAS AVISPAS","SAN CRISTOBAL"
"LABORDEBOY","GENERAL LOPEZ"
"GENERAL GELLY","CONSTITUCION"
"EL TREBOL","SAN MARTIN"
"EL JARDIN","LA CANDELARIA"
"LOZADA","SANTA MARÍA"
"SALSIPUEDES","COLON"
"SAN CARLOS","SAN CARLOS"
"AREA SIN GOBIERNO","GAIMAN"
"SANTA TERESA","CONSTITUCION"
"CHACHARRAMENDI","UTRACAN"
"SAN MARTIN","SAN MARTIN"
"CHOLILA","CUSHAMEN"
"LA PUERTA","RIO PRIMERO"
"LA CUMBRE","PUNILLA"
"LOS RALOS","CRUZ ALTA"
"SUIPACHA","SUIPACHA"
"LANTERI","GENERAL OBLIGADO"
"CAFAYATE","CAFAYATE"
"ALTA ITALIA","REALICO"
"CAMPO GALLO","ALBERDI"
"AREA SIN GOBIERNO","VALCHETA"
"FORMOSA","FORMOSA"
"LOBERIA","LOBERIA"
"VILLA VIL","BELEN"
"SANTA ROSA DE CALAMUCHITA","CALAMUCHITA"
"ARROYO LOS BERROS","VALCHETA"
"LAS HERAS","DESEADO"
"LUCAS SUR PRIMERO","VILLAGUAY"
"VISTA ALEGRE","CONFLUENCIA"
"ALPACHIRI Y EL MOLINO","CHICLIGASTA"
"POSTA CAMBIO ZALAZAR","PATIÑO"
"PASO FLORES","PILCANIYEU"
"EL SOMBRERO","EMPEDRADO"
"SAN ISIDRO","GOYA"
"PAGO DE LOS DESEOS","SALADAS"
"3 DE ABRIL","BELLA VISTA"
"EL ESPINILLO","GENERAL GUEMES"
"AGUAS BLANCAS","ORAN"
"COLONIA TERESA","SAN JAVIER"
"CUBANEA","ADOLFO ALSINA"
"CHIPAUQUIL","VALCHETA"
"PILO LIL","CATAN LIL"
"GUAÑACOS","MINAS"
"LOS CHAÑARITOS (RÍO SEGUNDO)","RIO SEGUNDO"
"DOÑA LUISA","GUASAYAN"
"SABAGASTA","SALAVINA"
"MISION NUEVA POMPEYA","GENERAL GUEMES"
"ALDEA APELEG","RIO SENGUER"
"CAMPO PIAGGIO","SAN JERONIMO"
"LAPACHITO","GENERAL DONOVAN"
"COLONIAS UNIDAS","SARGENTO CABRAL"
"LOS TALARES","POCHO"
"LA RANCHERITA","SANTA MARÍA"
"CAROLINA","GOYA"
"VILLA OLIVARI","ITUZAINGO"
"COLONIA PANDO","SAN ROQUE"
"COLONIA SAN ANSELMO Y ALEDAÑAS","COLON"
"COSTA GRANDE","DIAMANTE"
"LA FLORIDA","FEDERACION"
"SAN ROQUE","FEDERACION"
"BANDERAS","FEDERAL"
"DISTRITO DIEGO LOPEZ","FEDERAL"
"SANTA LUCIA","FEDERAL"
"DISTRITO CHAÑAR","FELICIANO"
"LAS MULITAS","FELICIANO"
"ISLAS LAS LECHIGUANAS","GUALEGUAY"
"PASTOR BRITOS","GUALEGUAYCHU"
"RINCON DEL GATO","GUALEGUAYCHU"
"PERDICES","GUALEGUAYCHU"
"ÑANCAY","ISLAS DEL IBICUY"
"LA PROVIDENCIA","LA PAZ"
"SAUCECITO","LA PAZ"
"CRUCESITAS OCTAVA","NOGOYA"
"ORO VERDE","PARANA"
"ARROYO CORRALITO","PARANA"
"ALDEA SANTA ROSA","PARANA"
"COLONIA OFICIAL N° 5","SAN SALVADOR"
"ARROYO GENA","URUGUAY"
"SAN CIPRIANO","URUGUAY"
"TALA","URUGUAY"
"CHILCAS","VICTORIA"
"HINOJAL","VICTORIA"
"RINCON DEL DOLL","VICTORIA"
"MONTOYA","VICTORIA"
"COLONIA ADIVINO","VILLAGUAY"
"PARAJE LOS ALGARROBOS","VILLAGUAY"
"PICHI MAHUIDA","PICHI MAHUIDA"
"MINA 3","GUER AIKE"
"MAUA","CASTELLANOS"
"NICANOR MOLINAS","GENERAL OBLIGADO"
"DOS ROSAS Y LA LEGUA","SAN CRISTOBAL"
"SAN RAMON - LA DARSENA","BANDA"
"VILLA ZANJON","CAPITAL"
"VILLA MATOQUE","COPO"
"GUAMPACHA","GUASAYAN"
"VILLA GUASAYAN","GUASAYAN"
"POZO DEL TOBA","JUAN F IBARRA"
"QUEBRACHO COTO","PELLEGRINI"
"VILLA ROBLES","ROBLES"
"SIMOCA","SIMOCA"
"SOLDADO MALDONADO","MONTEROS"
"LOS PEREYRA","CRUZ ALTA"
"SOL DE MAYO","CAPITAL"
"JUANILLO","ATAMISQUI"
"PUNTA POZO","AVELLANEDA"
"EL AIBE","BANDA"
"ABRA GRANDE","BANDA"
"REMES","CAPITAL"
"SAN BENITO","CAPITAL"
"EL DEAN","CAPITAL"
"SAN VICENTE","LORETO"
"SANTA CATALINA","GUASAYAN"
"SANTA MARIA","CAPITAL"
"CASPI CORRAL","FIGUEROA"
"VACA HUAÑUNA","FIGUEROA"
"MELERO","JUAN F IBARRA"
"LA NENA - LA SIMONA","GENERAL TABOADA"
"TRES CRUCES","JIMENEZ"
"YUCHAN","JUAN F IBARRA"
"LA NORIA","LORETO"
"SAUCE SOLO","LORETO"
"AMAMA","MORENO"
"VILLA BRANA","MORENO"
"LIBERTAD","MORENO"
"NEGRA MUERTA","BANDA"
"KILOMETRO 49","OJO DE AGUA"
"CAMPO GRANDE","PELLEGRINI"
"VILLA MERCEDES","PELLEGRINI"
"SANTO DOMINGO","PELLEGRINI"
"AMICHA","RIO HONDO"
"LESCANO","RIO HONDO"
"LOS OVEJEROS","RIO HONDO"
"SOTELO","RIO HONDO"
"LOS ROMANOS - SANTO DOMINGO","ROBLES"
"VILLA HIPOLITA","ROBLES"
"VACA HUMAN","SALAVINA"
"TIO POZO","LORETO"
"VILLA NUEVA","SAN MARTIN"
"HUACHANA","ALBERDI"
"SUMAMAO","SILIPICA"
"AHI VEREMOS","COPO"
"ACOS - POZO DEL ARBOLITO","RIO HONDO"
"SAN MIGUEL","COLON"
"SAN ANTONIO - ROLDAN","JUAN F IBARRA"
"ALBARDON - PUNTA DEL MONTE","GUALEGUAY"
"HOYON","ATAMISQUI"
"POZO AZUL","SAN PEDRO"
"DISTRITO TALA","PARANA"
"VILLA LAGO MELIQUINA","LACAR"
"AHI VEREMOS","PELLEGRINI"
"EL SAUZAL","RIO HONDO"
"COLONIA ABORIGEN","25 DE MAYO"
"ATOJ POZO","SAN MARTIN"
"VUELTA DE LA BARRANCA","CAPITAL"
"COLONIA REFFINO","PARANA"
"ESTACION YUQUERI","CONCORDIA"
"EL GATO - LOMA LIMPIA","FEDERAL"
"COLONIA OFICIAL N° 13","LA PAZ"
"GONZALEZ CALDERON","GUALEGUAY"
"LAS TOSCAS","LA PAZ"
"CRUCESITAS TERCERA","NOGOYA"
"COSTA URUGUAY SUR","GUALEGUAYCHU"
"MONTE REDONDO (O 7° DISTRITO)","GUALEGUAY"
"COLONIA TUNAS","FEDERACION"
"SAUCE SUR","TALA"
"LOS CAJONES","JUNIN"
"CECILIO ECHAVARRIA","LAVALLE"
"CAZADORES CORRENTINOS","CURUZU CUATIA"
"LAS GRUTAS","SAN ANTONIO"
"HARDY","GENERAL OBLIGADO"
"LOS TABANOS","VERA"
"EL CRUCE","FIGUEROA"
"SALTO ENCANTADO","CAINGUAS"
"9 DE JULIO","SAN ROQUE"
"ARROYO VENTANA","VALCHETA"
"GENERAL VILLEGAS","GENERAL VILLEGAS"
"ESTEBAN ECHEVERRIA","ESTEBAN ECHEVERRIA"
"VILLA HUIDOBRO","GENERAL ROCA"
"COLONIA ENSAYO","DIAMANTE"
"MONTE","MONTE"
"SANTO DOMINGO","LAS COLONIAS"
"TRES CAPONES","APOSTOLES"
"VILLA DEL ROSARIO","FEDERACION"
"MANFREDI","RIO SEGUNDO"
"LAS TINAJAS","MORENO"
"ARAUCO","ARAUCO"
"CUESTA BLANCA","PUNILLA"
"BALCARCE","BALCARCE"
"DEAN FUNES","ISCHILIN"
"VILLA DEL PRADO","SANTA MARÍA"
"CAVANAGH","MARCOS JUAREZ"
"ARCADIA","CHICLIGASTA"
"SAN LUIS DEL PALMAR","SAN LUIS DEL PALMAR"
"COLONIA EL SIMBOLAR","ROBLES"
"LOS CARDOS","SAN MARTIN"
"CONTRALMIRANTE CORDERO","GENERAL ROCA"
"SANTA MARIA NORTE","LAS COLONIAS"
"SAN GERONIMO","POCHO"
"PALACIOS","SAN CRISTOBAL"
"EL TALA","LA CANDELARIA"
"SENILLOSA","CONFLUENCIA"
"LAS PEÑAS","TOTORAL"
"ACHERAL","MONTEROS"
"ALDEA SAN JUAN","GUALEGUAYCHU"
"AREA SIN GOBIERNO","TERCERO ARRIBA"
"MONIGOTES","SAN CRISTOBAL"
"SAN JOSE","APOSTOLES"
"SAN ANTONIO ISLA APIPE GRANDE","ITUZAINGO"
"SAN ESTEBAN","PUNILLA"
"SANTA ROSA","CAPITAL"
"CALILEGUA","LEDESMA"
"PILQUINIYEU","25 DE MAYO"
"ALTAMIRANO SUR","TALA"
"SALDAN","COLON"
"LAS JUNTAS","AMBATO"
"AREA SIN GOBIERNO","BERMEJO"
"SOSA","PARANA"
"IBARRETA","PATIÑO"
"ESTANCIA GRANDE","CORONEL PRINGLES"
"TICINO","GENERAL SAN MARTIN"
"PUERTO EVA PERON","BERMEJO"
"EL RODEO","AMBATO"
"GUALEGUAYCITO","FEDERACION"
"TAFI DEL VALLE","TAFI DEL VALLE"
"ESTACION TORRENT","GENERAL ALVEAR"
"TRICAO MALAL","CHOS MALAL"
"PEDRO GOMEZ CELLO","SAN JUSTO"
"RAMONA","CASTELLANOS"
"AREA SIN GOBIERNO","25 DE MAYO"
"JOAQUIN V GONZALEZ","ANTA"
"LA ESPERANZA","SAN PEDRO"
"LLAMBI CAMPBELL","LA CAPITAL"
"ISLA VERDE","MARCOS JUAREZ"
"CONCEPCION DEL URUGUAY","URUGUAY"
"VILLA MASCARDI","BARILOCHE"
"TOAY","TOAY"
"SINSACATE","TOTORAL"
"AREA SIN GOBIERNO","PILCOMAYO"
"GENERAL ALMADA","GUALEGUAYCHU"
"PERICO","EL CARMEN"
"GENERAL PIZARRO","ANTA"
"GOBERNADOR FEBRE","NOGOYA"
"USHUAIA","USHUAIA"
"QUINES","AYACUCHO"
"MONTES DE OCA","BELGRANO"
"AREA SIN GOBIERNO","SAN SALVADOR"
"EL MOLLAR","TAFI DEL VALLE"
"SAN ANTONIO DE OBLIGADO","GENERAL OBLIGADO"
"GENERAL MOSCONI","GENERAL JOSE DE SAN MARTÍN"
"PRESIDENTE PERON","PRESIDENTE PERON"
"MAISONAVE","REALICO"
"SANTA ROSA DE LEALES Y LAGUNA BLAN","LEALES"
"CARNERILLO","JUAREZ CELMAN"
"CONSTANZA","SAN CRISTOBAL"
"CERRO COLORADO","RIO SECO"
"CORTADERAS","CHACABUCO"
"LA BANDA","BANDA"
"SAN VICTOR","FELICIANO"
"LOS ZORROS","TERCERO ARRIBA"
"CINCO SALTOS","GENERAL ROCA"
"PUEBLO CAZES","COLON"
"EMPEDRADO","EMPEDRADO"
"ARROYO LOS PATOS","SAN ALBERTO"
"PUELEN","PUELEN"
"TORO PUJIO","SAN JUSTO"
"GENERAL URQUIZA","SAN IGNACIO"
"LONCOPUE","LONCOPUE"
"CAMPO VIERA","OBERA"
"ALEJO LEDESMA","MARCOS JUAREZ"
"PALMA SOLA","SANTA BARBARA"
"LOS LAURELES","GENERAL OBLIGADO"
"SANTA MARIA","SANTA MARIA"
"NEUQUEN","CONFLUENCIA"
"MOJON GRANDE","SAN JAVIER"
"MONTE MAIZ","UNION"
"SAN PABLO Y VILLA NOUGUES","LULES"
"ZONDA","ZONDA"
"MAURICIO MAYER","CONHELO"
"LA FLORIDA Y LUISIANA","CRUZ ALTA"
"BURRUYACU","BURRUYACU"
"GUATIMOZIN","MARCOS JUAREZ"
"ONAGOITY","GENERAL ROCA"
"ICAÑO","LA PAZ"
"ALPA CORRAL","RIO CUARTO"
"VILLA GUILLERMINA","GENERAL OBLIGADO"
"EL TRAPICHE","CORONEL PRINGLES"
"TREVELIN","FUTALEUFU"
"JACHAL","JACHAL"
"MONTE BELLO","RIO CHICO"
"JUAN G BAZAN","PATIÑO"
"GATO COLORADO","9 DE JULIO"
"GOBERNADOR MARTINEZ","LAVALLE"
"LAS JUNTURAS","RIO SEGUNDO"
"ANCAJULI","TAFI VIEJO"
"CHICOANA","CHICOANA"
"LAS PAREJAS","BELGRANO"
"EPUYEN","CUSHAMEN"
"CUSI CUSI","SANTA CATALINA"
"EL BRETE","CRUZ DEL EJE"
"CORONEL DU GRATY","MAYOR LUIS J FONTANA"
"ESTANISLAO DEL CAMPO","PATIÑO"
"FORRES","ROBLES"
"PIQUILLIN","RIO PRIMERO"
"CAMINIAGA","SOBREMONTE"
"CARMEN DE ARECO","CARMEN DE ARECO"
"PARANA","PARANA"
"GENERAL CAMPOS","SAN SALVADOR"
"CERRO CORA","CANDELARIA"
"AREA SIN GOBIERNO","PICUN LEUFU"
"INGENIERO JACOBACCI","25 DE MAYO"
"CAÑADA DEL SAUCE","CALAMUCHITA"
"PUERTO MADRYN","BIEDMA"
"PIEDRA DEL AGUILA","COLLON CURA"
"CHABAS","CASEROS"
"SANTA MARGARITA","9 DE JULIO"
"ALTO DE LOS QUEBRACHOS","CRUZ DEL EJE"
"LA RINCONADA","RIO SECO"
"AGUA DULCE Y LA SOLEDAD","LEALES"
"VILLA SAN JOSE","CASTELLANOS"
"EL CRISPIN","RIO PRIMERO"
"SAN JAVIER","SAN JAVIER"
"NARE","SAN JUSTO"
"CAFERATA","GENERAL LOPEZ"
"LA EDUVIGIS","LIBERTADOR GENERAL SAN MARTÍN"
"LA PAZ","LA PAZ"
"TOTORAS","IRIONDO"
"LAGUNA BENITEZ","FELICIANO"
"AREA SIN GOBIERNO","AÑELO"
"AGUA DE ORO","COLON"
"VILLA URQUIZA","PARANA"
"VILLA DOS TRECE","PIRANE"
"BARRANQUERAS","SAN FERNANDO"
"GENERAL ROCA","MARCOS JUAREZ"
"SAN COSME","SAN COSME"
"LAS LAGUNAS","LIBERTADOR GENERAL SAN MARTÍN"
"NAZARENO","SANTA VICTORIA"
"AZARA","APOSTOLES"
"LOS QUIROGA","BANDA"
"REALICO","REALICO"
"COLONIA VICENTE AG├£ERO","COLON"
"TRANSITO","SAN JUSTO"
"AREA SIN GOBIERNO","ISLAS DEL IBICUY"
"GUALJAINA","CUSHAMEN"
"ESTEBAN RAMS","9 DE JULIO"
"POZO BORRADO","9 DE JULIO"
"LUTTI","CALAMUCHITA"
"VIGLIONE","TEHUELCHES"
"VILLA DEL NAHUEVE","MINAS"
"GUAMINI","GUAMINI"
"CHACABUCO","CHACABUCO"
"LAS ACEQUIAS","RIO CUARTO"
"LAGUNA BLANCA","LIBERTAD"
"BUENA VISTA","PILAGAS"
"LA CLOTILDE","O HIGGINS"
"YERBA BUENA","YERBA BUENA"
"EL PALENQUE","PARANA"
"VILLA NUEVA","GENERAL SAN MARTIN"
"CONCEPCION DEL YAGUARETE CORA","CONCEPCION"
"SAN PEDRO NORTE","TULUMBA"
"AÑELO","AÑELO"
"MARIA SUSANA","SAN MARTIN"
"BERNA","GENERAL OBLIGADO"
"CAPILLA DEL MONTE","PUNILLA"
"LAGUNA BLANCA","PILCANIYEU"
"PAMPAYASTA NORTE","TERCERO ARRIBA"
"GUTEMBERG","RIO SECO"
"SAN CARLOS DE BARILOCHE","BARILOCHE"
"OBERA","OBERA"
"MISION SAN FRANCISCO DE LAISHI","LAISHI"
"LAGUNA GALLO","PILAGAS"
"POZO HONDO","JIMENEZ"
"GENERAL FOTHERINGHAM","TERCERO ARRIBA"
"CAROLINA","CORONEL PRINGLES"
"SALADERO MARIANO CABAL","GARAY"
"PASO DEL SAPO","LANGUIÑEO"
"VILLA LARCA","CHACABUCO"
"CUSHAMEN","CUSHAMEN"
"INGENIERO HUERGO","GENERAL ROCA"
"ALVEAR","ROSARIO"
"LOS NOGALES","TAFI VIEJO"
"WINIFREDA","CONHELO"
"COMODORO RIVADAVIA","ESCALANTE"
"PARERA","RANCUL"
"GENERAL PUEYRREDON","GENERAL PUEYRREDON"
"SAN SALVADOR DE JUJUY","DOCTOR MANUEL BELGRANO"
"POMAN","POMAN"
"PORTEÑA","SAN JUSTO"
"DELFIN GALLO","CRUZ ALTA"
"EL COLORADO","PIRANE"
"EL CHARCO","JIMENEZ"
"VILLA ANGELA","MAYOR LUIS J FONTANA"
"MONTE CRISTO","RIO PRIMERO"
"VILLA SARALEGUI","SAN CRISTOBAL"
"VILLAGUAY","VILLAGUAY"
"AREA SIN GOBIERNO","CHOYA"
"VERA Y PINTADO","SAN JUSTO"
"CAPITAN GENERAL BERNARDO O HIGGINS","MARCOS JUAREZ"
"SAN MARTIN I","PATIÑO"
"GOBERNADOR COSTA","TEHUELCHES"
"LUIS PALACIOS","SAN LORENZO"
"SAN VICENTE","SAN ALBERTO"
"CONCEPCION DE LA SIERRA","CONCEPCION"
"EL ALTO","EL ALTO"
"SANTO TOME","LA CAPITAL"
"RIVADAVIA BANDA NORTE","RIVADAVIA"
"PUEBLO MARINI","CASTELLANOS"
"POCITO","POCITO"
"LUGONES","AVELLANEDA"
"TACAÑITAS","GENERAL TABOADA"
"AREA SIN GOBIERNO","GUALEGUAYCHU"
"VILLA CURA BROCHERO","SAN ALBERTO"
"VILLA SALAVINA","SALAVINA"
"TOBA","VERA"
"CHANCANI","POCHO"
"PRESIDENCIA DE LA PLAZA","PRESIDENCIA DE LA PLAZA"
"VILLA FIGUEROA","FIGUEROA"
"RIO MAYO","RIO SENGUER"
"AREA SIN GOBIERNO","JUAN MARTÍN DE PUEYRREDÓN"
"LAGO POSADAS","RÍO CHICO"
"LIMAY MAHUIDA","LIMAY MAHUIDA"
"CHAMICAL","CHAMICAL"
"PILAR","PILAR"
"EL BORDO","GENERAL GUEMES"
"SAN MARTIN DE LAS ESCOBAS","SAN MARTIN"
"VILLA ELOISA","IRIONDO"
"FUNES","ROSARIO"
"ALVEAR","GENERAL ALVEAR"
"LAS PALMAS","POCHO"
"YERBA BUENA","SIMOCA"
"SAN FRANCISCO DE SANTA FE","GENERAL LOPEZ"
"CHUÑA","ISCHILIN"
"COLONIA BARGE","MARCOS JUAREZ"
"GENERAL PINTO","GENERAL PINTO"
"LORETO","LORETO"
"POZO BETBEDER","PELLEGRINI"
"ROSALES","PRESIDENTE ROQUE SAENZ PEÑA"
"DIAZ","SAN JERONIMO"
"GRANADERO BAIGORRIA","ROSARIO"
"LAS GRAMILLAS","RIO PRIMERO"
"RAMAYON","SAN JUSTO"
"PEDERNAL","CONCORDIA"
"RAWSON","RAWSON"
"LOS SOSA","MONTEROS"
"VICENTE LOPEZ","VICENTE LOPEZ"
"JUBILEO","VILLAGUAY"
"HUINGANCO","MINAS"
"VILLA YACANTO","CALAMUCHITA"
"QUETREQUEN","RANCUL"
"EL GALPON","METAN"
"GENERAL JUAN MADARIAGA","GENERAL JUAN MADARIAGA"
"CAÑADA DE MACHADO","RIO PRIMERO"
"BENGOLEA","JUAREZ CELMAN"
"SALADILLO","SALADILLO"
"LA QUINTA","RIO PRIMERO"
"VILLA BERTHET","SAN LORENZO"
"COLONIA TINCO","RIO HONDO"
"ACONQUIJA","ANDALGALÁ"
"MARGARITA BELEN","1° DE MAYO"
"AGUARAY","GENERAL JOSE DE SAN MARTÍN"
"LA COCHA","LA COCHA"
"CAMARONES","FLORENTINO AMEGHINO"
"SANTA ANA","FEDERACION"
"EL RASTREADOR","JUAREZ CELMAN"
"LAS CALERAS","CALAMUCHITA"
"VILLARINO","VILLARINO"
"SAN PEDRO","SAN PEDRO"
"VILLA LA ANGOSTURA","LOS LAGOS"
"IRAZUSTA","GUALEGUAYCHU"
"ABRALAITE","COCHINOCA"
"TOSQUITA","RIO CUARTO"
"PUEBLO ITALIANO","UNION"
"AREA SIN GOBIERNO","SAN JAVIER"
"LOS HOYOS","RIO SECO"
"COLONIA VICTORIA","ELDORADO"
"AREA SIN GOBIERNO","LA COCHA"
"CAÑADA DE LUQUE","TOTORAL"
"BARRANCAS","SAN JERONIMO"
"PLAZA LUXARDO","SAN JUSTO"
"GOBERNADOR CRESPO","SAN JUSTO"
"CABALANGO","PUNILLA"
"EL QUEBRACHAL","ANTA"
"GENERAL GUIDO","GENERAL GUIDO"
"PROFUNDIDAD","CANDELARIA"
"LAS VERTIENTES","RIO CUARTO"
"MIGUEL CANE","QUEMU QUEMU"
"BERNARDO LARROUDE","CHAPALEUFU"
"CLASSON","IRIONDO"
"CRISPI","SAN MARTIN"
"LAGUNA LARGA","RIO SEGUNDO"
"LIBERTADOR GENERAL SAN MARTIN","LEDESMA"
"RIO CHICO Y NUEVA TRINIDAD","SIMOCA"
"PROVIDENCIA","LAS COLONIAS"
"ARROYO CABRAL","GENERAL SAN MARTIN"
"ALCARAZ","LA PAZ"
"PAVON","CONSTITUCION"
"LUCIO V LOPEZ","IRIONDO"
"SAN ISIDRO","SAN ISIDRO"
"EL CIMARRON","FEDERAL"
"COMUNA 9","COMUNA 9"
"AREA SIN GOBIERNO","MATACOS"
"ALVAREZ","ROSARIO"
"SANTA ANA","RIO CHICO"
"PEYRANO","CONSTITUCION"
"SAN CARLOS CENTRO","LAS COLONIAS"
"PURMAMARCA","TUMBAYA"
"ANTELO","VICTORIA"
"FELICIA","LAS COLONIAS"
"VILLA PADRE MONTI","BURRUYACU"
"SAN ERNESTO","SAN SALVADOR"
"AGUARA GRANDE","SAN CRISTOBAL"
"TIMBUES","SAN LORENZO"
"MATTALDI","GENERAL ROCA"
"COLONIA SARMIENTO","PATIÑO"
"LA PAMPA","TOTORAL"
"9 DE JULIO","ELDORADO"
"PALMAR GRANDE","GENERAL PAZ"
"CHARRAS","JUAREZ CELMAN"
"GASTONA Y BELICHA","CHICLIGASTA"
"LA LEONESA","BERMEJO"
"PILAR","RIO SEGUNDO"
"GESSLER","SAN JERONIMO"
"AREA SIN GOBIERNO","VILLAGUAY"
"SAN ANDRES","CRUZ ALTA"
"JESUS MARIA","COLON"
"AREA SIN GOBIERNO","LACAR"
"AREA SIN GOBIERNO","TELSEN"
"TIGRE","TIGRE"
"ONCATIVO","RIO SEGUNDO"
"BERNASCONI","HUCAL"
"SARAH","CHAPALEUFU"
"AREA SIN GOBIERNO","LOS LAGOS"
"MURPHY","GENERAL LOPEZ"
"COLONIA VIDELA","RIO SEGUNDO"
"SAN JOAQUIN","PRESIDENTE ROQUE SAENZ PEÑA"
"EMPALME VILLA CONSTITUCION","CONSTITUCION"
"TINTINA","MORENO"
"HUILLAPIMA","CAPAYAN"
"ESTACION JUAREZ CELMAN","COLON"
"MOCORETA","MONTE CASEROS"
"GENERAL ENRIQUE GODOY","GENERAL ROCA"
"KILOMETRO 658","RIO PRIMERO"
"LAS SALADAS","RIO PRIMERO"
"EL MAITEN","CUSHAMEN"
"PICADA BERON","LA PAZ"
"LUCAS NORTE","VILLAGUAY"
"SAUZAL BONITO","CONFLUENCIA"
"COMUNA 6","COMUNA 6"
"CASPALA","VALLE GRANDE"
"AREA SIN GOBIERNO","AVELLANEDA"
"LA POMA","LA POMA"
"AREA SIN GOBIERNO","SANTA MARÍA"
"CARRERAS","GENERAL LOPEZ"
"ROSARIO DEL SALADILLO","TULUMBA"
"ZENON PEREYRA","CASTELLANOS"
"COLONIA DELICIA","ELDORADO"
"AREA SIN GOBIERNO","RIO PRIMERO"
"NACION RANQUEL","GENERAL PEDERNERA"
"COMUNA 3","COMUNA 3"
"PAVON ARRIBA","CONSTITUCION"
"AREA SIN GOBIERNO","FLORENTINO AMEGHINO"
"INRIVILLE","MARCOS JUAREZ"
"DISTRITO SEXTO COSTA DE NOGOYA","GUALEGUAY"
"EL TIO","SAN JUSTO"
"LOS CISNES","JUAREZ CELMAN"
"VILLA ASCASUBI","TERCERO ARRIBA"
"ZANJITAS","JUAN MARTÍN DE PUEYRREDÓN"
"SANTA ROSA DE RIO PRIMERO","RIO PRIMERO"
"PUERTO DESEADO","DESEADO"
"CIPOLLETTI","GENERAL ROCA"
"VERA","VERA"
"LOS MICHES","MINAS"
"INTENDENTE ALVEAR","CHAPALEUFU"
"TILCARA","TILCARA"
"NAHUEL NIYEU","VALCHETA"
"GOBERNADOR ROCA","SAN IGNACIO"
"PUJATO","SAN LORENZO"
"CASTELLI","CASTELLI"
"COMANDANTE LUIS PIEDRA BUENA","CORPEN AIKE"
"COMUNA 7","COMUNA 7"
"LONQUIMAY","CATRILO"
"RECONQUISTA","GENERAL OBLIGADO"
"OLIVA","TERCERO ARRIBA"
"SPELUZZI","MARACO"
"DISTRITO CHIQUEROS","NOGOYA"
"ORDOÑEZ","UNION"
"MOJON DE FIERRO","FORMOSA"
"EMPALME SAN CARLOS","LAS COLONIAS"
"LA AURORA","BANDA"
"SAN CAYETANO","SAN CAYETANO"
"VILLA OCAMPO","GENERAL OBLIGADO"
"SAN JOSE DE LA COCHA","LA COCHA"
"GENERAL SAN MARTIN","HUCAL"
"OLEGARIO VICTOR ANDRADE","LEANDRO N. ALEM"
"PINAMAR","PINAMAR"
"RIO COLORADO","LEALES"
"AREA SIN GOBIERNO","FEDERACION"
"SAN CARLOS NORTE","LAS COLONIAS"
"CAA CATI","GENERAL PAZ"
"TRES LAGUNAS","PILAGAS"
"SAN ANTONIO DE LOS COBRES","LOS ANDES"
"SAN JERONIMO DEL SAUCE","LAS COLONIAS"
"ROSARIO DE RIO GRANDE","SAN PEDRO"
"TRENQUE LAUQUEN","TRENQUE LAUQUEN"
"VILLA CARLOS PAZ","PUNILLA"
"EL CAIN","25 DE MAYO"
"VALLE VIEJO","VALLE VIEJO"
"LUAN TORO","LOVENTUE"
"AREA SIN GOBIERNO","DESEADO"
"EL BRACHO Y EL CEVILAR","CRUZ ALTA"
"TARTAGAL","GENERAL JOSE DE SAN MARTÍN"
"VILLA RIO HONDO","RIO HONDO"
"DESPEÑADEROS","SANTA MARÍA"
"AREA SIN GOBIERNO","COPO"
"RIACHO NEGRO","PILCOMAYO"
"GENERAL CABRERA","JUAREZ CELMAN"
"AREA SIN GOBIERNO","LAGO ARGENTINO"
"HERNANDARIAS","PARANA"
"GENERAL BALDISSERA","MARCOS JUAREZ"
"COLONIA ITURRASPE","SAN JUSTO"
"ANISACATE","SANTA MARÍA"
"TORTUGAS","BELGRANO"
"CORONEL DORREGO","CORONEL DORREGO"
"AREA SIN GOBIERNO","CORPEN AIKE"
"RAMIREZ DE VELAZCO","QUEBRACHOS"
"EMBALSE","CALAMUCHITA"
"LA MERCED","CERRILLOS"
"SAIRA","MARCOS JUAREZ"
"COMUNA 12","COMUNA 12"
"CERRITO","PARANA"
"ARRUFO","SAN CRISTOBAL"
"CHILIBROSTE","UNION"
"LAS TUNAS","PARANA"
"MATORRALES","RIO SEGUNDO"
"CATUA","SUSQUES"
"ALTO ALEGRE","UNION"
"EL RECREO","PATIÑO"
"GUARDIA MITRE","ADOLFO ALSINA"
"BELEN","BELEN"
"PICHI HUINCA","RANCUL"
"CHAUPI POZO","BANDA"
"CORONEL BAIGORRIA","RIO CUARTO"
"MARULL","SAN JUSTO"
"VILLA GENERAL BELGRANO","CALAMUCHITA"
"LAS HIGUERAS","RIO CUARTO"
"ENSENADA","ENSENADA"
"CAMPO RAMON","OBERA"
"SAN FRANCISCO","VALLE GRANDE"
"ALBERTI","ALBERTI"
"LA VANGUARDIA","CONSTITUCION"
"VILLA SARMIENTO","GENERAL ROCA"
"ITATI","ITATI"
"LA PLAYOSA","GENERAL SAN MARTIN"
"COLONIA BENITEZ","1° DE MAYO"
"MARGARITA","VERA"
"REAL SAYANA","AVELLANEDA"
"SANTA ROSA","SANTA ROSA"
"WALTER MOSS","SAN SALVADOR"
"LA PLAYA","MINAS"
"RIVADAVIA","LAS COLONIAS"
"LAS PALMERAS","SAN CRISTOBAL"
"GENERAL OCAMPO","GENERAL OCAMPO"
"PROFESOR SALVADOR MAZZA","GENERAL JOSE DE SAN MARTÍN"
"VAQUEROS","LA CALDERA"
"SECLANTAS","MOLINOS"
"FRAY LUIS BELTRAN","SAN LORENZO"
"LAGUNA LIMPIA","LIBERTADOR GENERAL SAN MARTÍN"
"MAKALLE","GENERAL DONOVAN"
"COLONIA PASTORIL","FORMOSA"
"BOMBAL","CONSTITUCION"
"COLONIA RAQUEL","CASTELLANOS"
"TABOSSI","PARANA"
"MONTECARLO","MONTECARLO"
"LOMAS DE ZAMORA","LOMAS DE ZAMORA"
"FALUCHO","REALICO"
"AREA SIN GOBIERNO","CATAN LIL"
"MOJONES NORTE","VILLAGUAY"
"EL SOBERBIO","GUARANI"
"COLONIA CRESPO","PARANA"
"BUTA RANQUIL","PEHUENCHES"
"SAN PEDRO","CAPITAL"
"AREA SIN GOBIERNO","NOGOYA"
"CONCORDIA","CONCORDIA"
"EL COLORADO","JUAN F IBARRA"
"ISLA DE CAÑAS","IRUYA"
"LUCIO VICTORIO MANSILLA","TULUMBA"
"MONTEROS","MONTEROS"
"ITUZAINGO","LAS COLONIAS"
"TALAINI","MINAS"
"COLONIA BISMARCK","UNION"
"AREA SIN GOBIERNO","ALUMINE"
"CAMPANA","CAMPANA"
"LAS MERCEDES","GUALEGUAYCHU"
"ALCARAZ NORTE","LA PAZ"
"ANCASTI","ANCASTI"
"ADELIA MARIA","RIO CUARTO"
"PIAMONTE","SAN MARTIN"
"CRUZ DE LOS MILAGROS","LAVALLE"
"BELLA VISTA","BELLA VISTA"
"WENCESLAO ESCALANTE","UNION"
"LOS MOLINOS","CASEROS"
"PUEBLO BRUGO","PARANA"
"CAUCETE","CAUCETE"
"AGUAS CALIENTES","EL CARMEN"
"RIO SEGUNDO","RIO SEGUNDO"
"CAPAYAN","CAPAYAN"
"JUAN JORBA","GENERAL PEDERNERA"
"LA MARUJA","RANCUL"
"ESTACION LIBAROS","URUGUAY"
"ESTACION ESCRIÑA","GUALEGUAYCHU"
"SAN GUILLERMO","SAN CRISTOBAL"
"ITUZAINGO","ITUZAINGO"
"SAN BLAS DE LOS SAUCES","SAN BLAS DE LOS SAUCES"
"CERES","SAN CRISTOBAL"
"OJOS DE AGUA","ÑORQUINCO"
"BAGUAL","GOBERNADOR DUPUY"
"GENERAL ALVARADO","GENERAL ALVARADO"
"AREA SIN GOBIERNO","CALAMUCHITA"
"AREA SIN GOBIERNO","LAISHI"
"AROCENA","SAN JERONIMO"
"VILLA MINETTI","9 DE JULIO"
"COLONIA LAS PICHANAS","SAN JUSTO"
"JUAN DE GARAY","9 DE JULIO"
"HOCKER","COLON"
"ESTACION RAICES","VILLAGUAY"
"LOS ALTARES","PASO DE INDIOS"
"CUCHILLA REDONDA","GUALEGUAYCHU"
"LAS VARAS","SAN JUSTO"
"TABAY","CONCEPCION"
"URDINARRAIN","GUALEGUAYCHU"
"PUERTO GENERAL SAN MARTIN","SAN LORENZO"
"EZEIZA","EZEIZA"
"MARIA GRANDE 2°","PARANA"
"CHAJAN","RIO CUARTO"
"AREA SIN GOBIERNO","GOBERNADOR DUPUY"
"PEREZ","ROSARIO"
"TAQUIMILAN","ÑORQUIN"
"DARWIN","AVELLANEDA"
"CANDIOTI","LA CAPITAL"
"DON CRISTOBAL PRIMERO","NOGOYA"
"RIO CHICO","ÑORQUINCO"
"PACLIN","PACLIN"
"COSQUIN","PUNILLA"
"CUCHILLO CO","LIHUEL CALEL"
"ANIMANA","SAN CARLOS"
"COLONIA SANTA MARIA Y LAS MARGARITAS","FEDERACION"
"PUERTO IGUAZU","IGUAZU"
"LA PAQUITA","SAN JUSTO"
"COLONIA DURAN","SAN JAVIER"
"GOLONDRINA","VERA"
"EL CARRIL","CHICOANA"
"SALADILLO","CORONEL PRINGLES"
"LAS ISLETILLAS","TERCERO ARRIBA"
"POZUELOS","RIO HONDO"
"AREA SIN GOBIERNO","ROBLES"
"COMUNA 11","COMUNA 11"
"BONPLAND","CANDELARIA"
"COLONIA VIRARO","LA PAZ"
"GUACHIPAS","GUACHIPAS"
"SASTRE","SAN MARTIN"
"ALDEA EIGENFELD","PARANA"
"GALVEZ","SAN JERONIMO"
"CASTELLANOS","CASTELLANOS"
"CAÑADA ROSQUIN","SAN MARTIN"
"CINTRA","UNION"
"PIEDRABUENA","BURRUYACU"
"ABRAMO","HUCAL"
"AREA SIN GOBIERNO","MITRE"
"SAN ANTONIO","CASTELLANOS"
"SAN MIGUEL","SAN MIGUEL"
"CEIBAS","ISLAS DEL IBICUY"
"SAN ROQUE","PUNILLA"
"AREA SIN GOBIERNO","RIO SEGUNDO"
"CORANZULI","SUSQUES"
"LEANDRO N ALEM","LEANDRO N. ALEM"
"SANTA MARIA DE PUNILLA","PUNILLA"
"EL VOLCAN","JUAN MARTÍN DE PUEYRREDÓN"
"AREA SIN GOBIERNO","ÑORQUIN"
"SIMBOLAR","TOTORAL"
"TACUARENDI","GENERAL OBLIGADO"
"ADOLFO ALSINA","ADOLFO ALSINA"
"PARAJE GUAYAQUIL","FEDERACION"
"AREA SIN GOBIERNO","SILIPICA"
"FACUNDO","RIO SENGUER"
"SAN LUIS","JUAN MARTÍN DE PUEYRREDÓN"
"PASO DE LAS PIEDRAS","PARANA"
"SAAVEDRA","SAAVEDRA"
"ASSUNTA","JUAREZ CELMAN"
"COMUNA 14","COMUNA 14"
"VILLA PEHUENIA","ALUMINE"
"CALINGASTA","CALINGASTA"
"RINCON","RIO SEGUNDO"
"SAN HILARIO","FORMOSA"
"ALDEA VALLE MARIA","DIAMANTE"
"CATRIEL","GENERAL ROCA"
"PILCANIYEU","PILCANIYEU"
"NAPENAY","INDEPENDENCIA"
"PLOTTIER","CONFLUENCIA"
"AREA SIN GOBIERNO","ISLAS DEL ATLANTICO SUR"
"VILLA CAÑAS","GENERAL LOPEZ"
"VILLA SANTA CRUZ DEL LAGO","PUNILLA"
"SAN SALVADOR","SAN SALVADOR"
"SILVA","SAN JUSTO"
"GENERAL DEHEZA","JUAREZ CELMAN"
"MATARA","JUAN F IBARRA"
"VILLA LA BOLSA","SANTA MARÍA"
"ULLUM","ULLUM"
"RANCUL","RANCUL"
"LOS HORNILLOS","SAN JAVIER"
"VILLA ESCOLAR","LAISHI"
"AMENABAR","GENERAL LOPEZ"
"VILLA SILIPICA","SILIPICA"
"LA SARITA","GENERAL OBLIGADO"
"BERROTARAN","RIO CUARTO"
"PAMPA DE LOS GUANACOS","COPO"
"PORTON NEGRO","PILAGAS"
"RADA TILLY","ESCALANTE"
"VILLA PUENTE PICUN LEUFU","CATAN LIL"
"POSADAS","CAPITAL"
"SUMAMPA","QUEBRACHOS"
"ESCABA","JUAN B ALBERDI"
"SANTA ANITA","URUGUAY"
"VILLA FONTANA","PARANA"
"SAN JOSE DEL BOQUERON","COPO"
"IBARLUCEA","ROSARIO"
"CONLARA","SAN JAVIER"
"AREA SIN GOBIERNO","PUNILLA"
"ADOLFO GONZALES CHAVES","ADOLFO GONZALES CHAVES"
"SARGENTO MOYA","MONTEROS"
"PAMPAYASTA SUD","TERCERO ARRIBA"
"COLONIA AVELLANEDA","PARANA"
"ANGELONI","SAN JUSTO"
"MISION TACAAGLE","PILAGAS"
"LAS CEJAS","CRUZ ALTA"
"NOGOYA","NOGOYA"
"SAN FELIPE Y SANTA BARBARA","LULES"
"EL AGUILAR","HUMAHUACA"
"SAN ANTONIO","SAN ANTONIO"
"EL REDOMON","CONCORDIA"
"TACURAL","CASTELLANOS"
"TRES DE FEBRERO","TRES DE FEBRERO"
"VILLA ROSSI","PRESIDENTE ROQUE SAENZ PEÑA"
"PALO SANTO","PIRANE"
"ALDAO","SAN LORENZO"
"AREA SIN GOBIERNO","QUEBRACHOS"
"LUQUE","RIO SEGUNDO"
"LA TRINIDAD","CHICLIGASTA"
"AREA SIN GOBIERNO","CONESA"
"COPACABANA","ISCHILIN"
"SAN ANDRES DE GILES","SAN ANDRES DE GILES"
"GUALEGUAYCHU","GUALEGUAYCHU"
"CEVIL REDONDO","YERBA BUENA"
"VILLA PARANACITO","ISLAS DEL IBICUY"
"ISLETAS","DIAMANTE"
"EL CONDOR","YAVI"
"SAN JUAN","CAPITAL"
"MONTE RALO","SANTA MARÍA"
"VENADO TUERTO","GENERAL LOPEZ"
"LEANDRO N ALEM","AYACUCHO"
"CORONEL MOLDES","RIO CUARTO"
"SAN JOSE DEL RINCON","LA CAPITAL"
"METAN","METAN"
"VILLA GIARDINO","PUNILLA"
"MONTEFIORE","9 DE JULIO"
"LUCAS GONZALEZ","NOGOYA"
"HERMOSO CAMPO","2 DE ABRIL"
"SAN FERNANDO","BELEN"
"MARTIRES","CANDELARIA"
"ALPACHIRI","GUATRACHE"
"LAS LAJITAS","ANTA"
"LAS GUACHAS","TALA"
"CHELFORO","AVELLANEDA"
"SALLIQUELO","SALLIQUELO"
"VILLA GUTIERREZ","ISCHILIN"
"TERMAS DE RIO HONDO","RIO HONDO"
"SAN JOSE DE FELICIANO","FELICIANO"
"MORRISON","UNION"
"EL NARANJITO","CRUZ ALTA"
"LA PUNILLA","GENERAL PEDERNERA"
"LA POSTA","RIO PRIMERO"
"ICAÑO","AVELLANEDA"
"QUEMU QUEMU","QUEMU QUEMU"
"PUERTA DE CORRAL QUEMADO","BELEN"
"GALISTEO","CASTELLANOS"
"LAGUNA PAIVA","LA CAPITAL"
"GAIMAN","GAIMAN"
"ALBA POSSE","25 DE MAYO"
"LAS PERDICES","TERCERO ARRIBA"
"ELENA","RIO CUARTO"
"SALTA","CAPITAL"
"TOMAS YOUNG","GENERAL TABOADA"
"JAMES CRAIK","TERCERO ARRIBA"
"SIETE PALMAS","PILCOMAYO"
"PUERTO TIROL","LIBERTAD"
"AREA SIN GOBIERNO","GENERAL ROCA"
"9 DE JULIO","9 DE JULIO"
"CARRILOBO","RIO SEGUNDO"
"SUNCHALES","CASTELLANOS"
"MAINQUE","GENERAL ROCA"
"MOLINOS","MOLINOS"
"AREA SIN GOBIERNO","COLON"
"RIACHO HE-HE","PILCOMAYO"
"GRUTLY","LAS COLONIAS"
"FORTIN EL PATRIA","GOBERNADOR DUPUY"
"GARMENDIA","BURRUYACU"
"SANTA FE","LA CAPITAL"
"MIGUEL TORRES","GENERAL LOPEZ"
"BRANDSEN","BRANDSEN"
"PRESIDENCIA ROCA","LIBERTADOR GENERAL SAN MARTÍN"
"NUESTRA SEÑORA DE LOS DOLORES DE KOLUEL KAIKE","DESEADO"
"VILLA PARQUE SIQUIMAN","PUNILLA"
"GOBERNADOR ECHAGUE","TALA"
"HUANQUEROS","SAN CRISTOBAL"
"COLONIA ROSA","SAN CRISTOBAL"
"GENERAL CONESA","CONESA"
"MACACHIN","ATREUCO"
"CAIMANCITO","LEDESMA"
"NUEVA FRANCIA","SILIPICA"
"MONTE HERMOSO","MONTE HERMOSO"
"TRES LOMAS","TRES LOMAS"
"TAPEBICUA","PASO DE LOS LIBRES"
"COYUCO COCHICO","CHOS MALAL"
"UCACHA","JUAREZ CELMAN"
"EL POTRILLO","RAMON LISTA"
"TRES ISLETAS","MAIPU"
"AREA SIN GOBIERNO","FEDERAL"
"GENERAL ALVEAR","GENERAL ALVEAR"
"CAÑADA RICA","CONSTITUCION"
"MI GRANJA","COLON"
"BANCO PAYAGUA","LAISHI"
"EL MANANTIAL","LULES"
"VILMER","ROBLES"
"LAPRIDA","CHOYA"
"SAN JORGE","SAN MARTIN"
"SAN MARCIAL","URUGUAY"
"ÑANDUCITA","SAN CRISTOBAL"
"POZO NUEVO","SOBREMONTE"
"RAYO CORTADO","RIO SECO"
"COLONIA CELLO","CASTELLANOS"
"EL CHAÑAR","BURRUYACU"
"MERLO","MERLO"
"CHARBONIER","PUNILLA"
"LAS RABONAS","SAN ALBERTO"
"EL CHACHO","MINAS"
"QUILMES","QUILMES"
"LUCAS SUR SEGUNDO","VILLAGUAY"
"CRUZ DEL EJE","CRUZ DEL EJE"
"EUSEBIA Y CAROLINA","CASTELLANOS"
"MINA CLAVERO","SAN ALBERTO"
"JUNIN","JUNIN"
"TAPSO","CHOYA"
"SAN FRANCISCO","SAN JUSTO"
"ESQUINA","ESQUINA"
"COMUNA 10","COMUNA 10"
"PALMA SOLA","PILCOMAYO"
"MONTE NIEVAS","CONHELO"
"IGLESIA","IGLESIA"
"BERAZATEGUI","BERAZATEGUI"
"GENERAL MOSCONI","RAMON LISTA"
"COMICO","9 DE JULIO"
"SANTA CLARA DE SAGUIER","CASTELLANOS"
"CAÑADA OMBU","VERA"
"TAFI VIEJO","TAFI VIEJO"
"HERRERA","AVELLANEDA"
"PEDRO R FERNANDEZ","SAN ROQUE"
"MOJONES SUR","VILLAGUAY"
"HUGENTOBLER","CASTELLANOS"
"NAVIA","JUAN MARTÍN DE PUEYRREDÓN"
"SAN BENITO","PARANA"
"CAPILLA DEL SITON","TOTORAL"
"PUJATO NORTE","LAS COLONIAS"
"RECREO","LA PAZ"
"PASO DE LA ARENA","PARANA"
"GENERAL SAN MARTIN","LIBERTADOR GENERAL SAN MARTÍN"
"LOS CEDROS","SANTA MARÍA"
"MULAS GRANDES","FELICIANO"
"CORRALITO","TERCERO ARRIBA"
"BANDERA","BELGRANO"
"EL HOYO","CUSHAMEN"
"RIO PRIMERO","RIO PRIMERO"
"JARAMILLO - FITZ ROY","DESEADO"
"LA ADELA","CALEU CALEU"
"OBISPO TREJO","RIO PRIMERO"
"CAMILO ALDAO","MARCOS JUAREZ"
"LAS HERAS","LAS HERAS"
"BAÑADO DE SOTO","CRUZ DEL EJE"
"VILLA DE PRAGA","LIBERTADOR GENERAL SAN MARTÍN"
"CAPITAL","CAPITAL"
"SAN PABLO","CHACABUCO"
"SAN AGUSTIN","LAS COLONIAS"
"RAFAEL GARCIA","SANTA MARÍA"
"PUEBLO GENERAL BELGRANO","GUALEGUAYCHU"
"AREA SIN GOBIERNO","MARCOS JUAREZ"
"BALNEARIA","SAN JUSTO"
"COLONIA DOLORES","SAN JUSTO"
"GABOTO","SAN JERONIMO"
"COLONIA ALMADA","TERCERO ARRIBA"
"BAJADA DEL AGRIO","PICUNCHES"
"TARTAGAL","VERA"
"DON CRISTOBAL SEGUNDO","NOGOYA"
"VILLA LA FLORIDA","CORONEL PRINGLES"
"AREA SIN GOBIERNO","FORMOSA"
"PUERTO ALGARROBO","LA PAZ"
"RESISTENCIA","SAN FERNANDO"
"LA CLARITA","COLON"
"BOUQUET","BELGRANO"
"EL CARMEN","EL CARMEN"
"BRAGADO","BRAGADO"
"MACHAGAI","25 DE MAYO"
"AREA SIN GOBIERNO","AYACUCHO"
"MAGDALENA","MAGDALENA"
"SANTA ROSA DEL CONLARA","JUNIN"
"LAS BAJADAS","CALAMUCHITA"
"TRANCAS","TRANCAS"
"BASAIL","SAN FERNANDO"
"PIÑERO","ROSARIO"
"CLEMENTE ONELLI","25 DE MAYO"
"LOS CHIHUIDOS","AÑELO"
"COLONIA SAN JUSTO","CONCORDIA"
"PASO DEL DURAZNO","JUAREZ CELMAN"
"DOS ARROYOS","LEANDRO N. ALEM"
"PAMPICHUELA","VALLE GRANDE"
"LA PELADA","LAS COLONIAS"
"AVELLANEDA","GENERAL OBLIGADO"
"TINOGASTA","TINOGASTA"
"LOS POZOS","ISCHILIN"
"BELLA VISTA","LEALES"
"PILAR","LAS COLONIAS"
"RAMON M CASTRO","ZAPALA"
"UNION","GOBERNADOR DUPUY"
"HIPOLITO YRIGOYEN","HIPOLITO YRIGOYEN"
"LAS PLAYAS","CRUZ DEL EJE"
"CARRIZALES","IRIONDO"
"LAFINUR","JUNIN"
"DIAMANTE","DIAMANTE"
"SUCO","RIO CUARTO"
"ROSARIO VERA PEÑALOZA","ROSARIO VERA PEÑALOZA"
"ESMERALDA","CASTELLANOS"
"ESTACION LAZO","GUALEGUAY"
"TILISARAO","CHACABUCO"
"RIVADAVIA BANDA SUR","RIVADAVIA"
"LA VERTIENTE","LIBERTADOR GENERAL SAN MARTÍN"
"LAS TALITAS","TAFI VIEJO"
"PACHECO DE MELO","JUAREZ CELMAN"
"PRESIDENTE ROCA","CASTELLANOS"
"PINCEN","GENERAL ROCA"
"CORONDA","SAN JERONIMO"
"VILLADA","CASEROS"
"CURUPAITY","SAN CRISTOBAL"
"FIDELA","CASTELLANOS"
"LA VERBENA","FELICIANO"
"BASAVILBASO","URUGUAY"
"CALCHIN OESTE","RIO SEGUNDO"
"DORILA","MARACO"
"RODEITO","SAN PEDRO"
"ALDEA SPATZENKUTTER","DIAMANTE"
"COLONIA ALBERDI","OBERA"
"MIRAMAR","SAN JUSTO"
"RICARDONE","SAN LORENZO"
"EUSTOLIA","CASTELLANOS"
"WEISBURD","MORENO"
"VILLA AMANCAY","CALAMUCHITA"
"ITA IBATE","GENERAL PAZ"
"ALGARROBO DEL AGUILA","CHICAL CO"
"EL POTRERO","ROSARIO DE LA FRONTERA"
"PANAHOLMA","SAN ALBERTO"
"LOS ALTOS","SANTA ROSA"
"COLONIA ALPINA","RIVADAVIA"
"PAYOGASTA","CACHI"
"MANUEL GARCIA FERNANDEZ","LEALES"
"PATAGONES","PATAGONES"
"ALMAFUERTE","LEANDRO N. ALEM"
"ESTACION GENERAL PAZ","COLON"
"CHILECITO","CHILECITO"
"IDIAZABAL","UNION"
"SAN PEDRO DE GUASAYAN","GUASAYAN"
"COLONIA PROSPERIDAD","SAN JUSTO"
"ARMINDA","ROSARIO"
"TATANE","LAISHI"
"COMECHINGONES","RIO PRIMERO"
"MEDINA","CHICLIGASTA"
"AREA SIN GOBIERNO","PICHI MAHUIDA"
"EL CUY","EL CUY"
"GUATRACHE","GUATRACHE"
"VILLA SAN ESTEBAN","SAN JUSTO"
"CAPIVARA","SAN CRISTOBAL"
"SAN JOSE","SAN JAVIER"
"MALABRIGO","GENERAL OBLIGADO"
"SANTA MARIA CENTRO","LAS COLONIAS"
"LOS GOMEZ","LEALES"
"COLONIA CELINA","PARANA"
"LANÚS","LANÚS"
"VILLA LOS PATOS","UNION"
"ANDALGALA","ANDALGALÁ"
"AREA SIN GOBIERNO","CRUZ DEL EJE"
"CANDELARIA","AYACUCHO"
"JUNCAL","CONSTITUCION"
"ARMSTRONG","BELGRANO"
"LA FRATERNIDAD Y SANTA JUANA","FEDERACION"
"HUANCHILLA","JUAREZ CELMAN"
"GODEKEN","CASEROS"
"XX DE SETIEMBRE","NOGOYA"
"TANCACHA","TERCERO ARRIBA"
"COTE LAI","TAPENAGA"
"BONPLAND","PASO DE LOS LIBRES"
"ITALO","GENERAL ROCA"
"ALTO VERDE Y LOS GUCHEA","CHICLIGASTA"
"POZO DE MAZA","BERMEJO"
"RAPELLI","PELLEGRINI"
"VILLA GENERAL GUEMES","PATIÑO"
"ELORTONDO","GENERAL LOPEZ"
"SAN LORENZO","CAPITAL"
"RIOBAMBA","PRESIDENTE ROQUE SAENZ PEÑA"
"ARRAYANAL","SAN PEDRO"
"TRENEL","TRENEL"
"CHASCOMUS","CHASCOMUS"
"COLONIA CARLOS PELLEGRINI","SAN MARTIN"
"VILLA DEL CARMEN","FORMOSA"
"CALEUFU","RANCUL"
"LAS PETACAS","SAN MARTIN"
"CORPUS","SAN IGNACIO"
"ALEJANDRA","SAN JAVIER"
"INGENIERO SAJAROFF","VILLAGUAY"
"ESQUINA","RIO PRIMERO"
"MERCEDES","MERCEDES"
"COLONIA BAYLINA","SAN SALVADOR"
"AREA SIN GOBIERNO","ALBERDI"
"VINCHINA","VINCHINA"
"RIVADAVIA","RIVADAVIA"
"ALTO PENCOSO","JUAN MARTÍN DE PUEYRREDÓN"
"VILLA UNION","MITRE"
"RANQUELES","GENERAL ROCA"
"MARCOS JUAREZ","MARCOS JUAREZ"
"SATURNINO MARIA LASPIUR","SAN JUSTO"
"ROSARIO","ROSARIO"
"NOGOLI","BELGRANO"
"NASCHEL","CHACABUCO"
"GOBERNADOR VIRASORO","SANTO TOME"
"CORONEL FRAGA","CASTELLANOS"
"GUAYMALLEN","GUAYMALLEN"
"PASO AGUERRE","PICUN LEUFU"
"VILLA QUINTEROS","MONTEROS"
"ALEJANDRO ROCA","JUAREZ CELMAN"
"AREA SIN GOBIERNO","OJO DE AGUA"
"VILLA QUILLINZO","CALAMUCHITA"
"EL ARAZA","GENERAL OBLIGADO"
"JUAN BAUTISTA ALBERDI","JUAN B ALBERDI"
"AREA SIN GOBIERNO","HUILICHES"
"VILLA LLANQUIN","PILCANIYEU"
"VARVARCO - INVERNADA VIEJA","MINAS"
"HERSILIA","SAN CRISTOBAL"
"COLONIA AVIGDOR","LA PAZ"
"JACINTO L","LAS COLONIAS"
"EL RABON","GENERAL OBLIGADO"
"AREA SIN GOBIERNO","MINAS"
"AÑATUYA","GENERAL TABOADA"
"MONTE CASEROS","MONTE CASEROS"
"SANTA LUCIA","MONTEROS"
"CORONEL PRINGLES","CORONEL PRINGLES"
"MEDIA NARANJA","CRUZ DEL EJE"
"YAVI","YAVI"
"SA PEREYRA","LAS COLONIAS"
"AREA SIN GOBIERNO","CAPITAL"
"COLONIA BELGRANO","SAN MARTIN"
"AREA SIN GOBIERNO","ÑORQUINCO"
"SANTA CATALINA","SANTA CATALINA"
"CAPITAN SARMIENTO","CAPITAN SARMIENTO"
"GENERAL SAN MARTIN","GENERAL SAN MARTIN"
"RECREO","LA CAPITAL"
"LAS OVEJAS","MINAS"
"FAMATINA","FAMATINA"
"BUENA ESPERANZA","GOBERNADOR DUPUY"
"SUSANA","CASTELLANOS"
"COMUNA 13","COMUNA 13"
"SAN FERNANDO DEL VALLE DE CATAMARCA","CAPITAL"
"RIO COLORADO","PICHI MAHUIDA"
"RAMALLO","RAMALLO"
"PASO VIEJO","CRUZ DEL EJE"
"LAS CAÑADAS","CRUZ DEL EJE"
"PILA","PILA"
"LAS PEÑAS SUD","RIO CUARTO"
"SAN JAVIER","YERBA BUENA"
"COLONIA BOSSI","SAN CRISTOBAL"
"COMUNA 2","COMUNA 2"
"SANTA ANA DE LOS GUÁCARAS","SAN COSME"
"FORTUNA","GOBERNADOR DUPUY"
"LAS FLORES","LAS FLORES"
"SANTIAGO TEMPLE","RIO SEGUNDO"
"LAS CHACRAS","LIBERTADOR GENERAL SAN MARTÍN"
"COLONIA SANTA ROSA","CONCEPCION"
"CARPINTERIA","JUNIN"
"AREA SIN GOBIERNO","PELLEGRINI"
"ARIZONA","GOBERNADOR DUPUY"
"SALADAS","SALADAS"
"AMBUL","SAN ALBERTO"
"LA ESMERALDA","FELICIANO"
"TACO POZO","ALMIRANTE BROWN"
"AREA SIN GOBIERNO","ESCALANTE"
"ALTOS DE CHIPION","SAN JUSTO"
"RIO GALLEGOS","GUER AIKE"
"COLONIA MASCIAS","GARAY"
"NUEVA ESCOCIA","CONCORDIA"
"LOMAS DE VALLEJOS","GENERAL PAZ"
"LOS MOLLES","JUNIN"
"NECOCHEA","NECOCHEA"
"SAN ROQUE","SAN ROQUE"
"LAS ALBAHACAS","RIO CUARTO"
"SANTIAGO DEL ESTERO","CAPITAL"
"SANTA ANA","VALLE GRANDE"
"GENERAL RODRIGUEZ","GENERAL RODRIGUEZ"
"VILLA PARQUE SANTA ANA","SANTA MARÍA"
"SANTIAGO DE LINIERS","ELDORADO"
"ELISA","LAS COLONIAS"
"AZUL","AZUL"
"COMUNA 5","COMUNA 5"
"QUEBRACHO","PARANA"
"ARROYO ALGODON","GENERAL SAN MARTIN"
"CAÑUELAS","CAÑUELAS"
"CARLOS CASARES","CARLOS CASARES"
"SAN JAVIER","ADOLFO ALSINA"
"LA HUMADA","CHICAL CO"
"CERVANTES","GENERAL ROCA"
"QUIMILI","MORENO"
"AGUADA DE GUERRA","25 DE MAYO"
"FORTIN INCA","BELGRANO"
"MARIA TERESA","GENERAL LOPEZ"
"SAN NICOLAS","SAN NICOLAS"
"ATALIVA","CASTELLANOS"
"DOLAVON","GAIMAN"
"LAS LOMITAS","PATIÑO"
"SAN MARCOS SUD","UNION"
"SEEBER","SAN JUSTO"
"HUERTA GRANDE","PUNILLA"
"MAIPU","MAIPU"
"EUFRASIO LOZA","RIO SECO"
"PAMPA BLANCA","EL CARMEN"
"CAVOUR","LAS COLONIAS"
"AREA SIN GOBIERNO","DIAMANTE"
"JOVITA","GENERAL ROCA"
"SANTA EUFEMIA","JUAREZ CELMAN"
"PUERTO VILELAS","SAN FERNANDO"
"PASO GRANDE","LIBERTADOR GENERAL SAN MARTÍN"
"SAN LORENZO","SALADAS"
"SEGUI","PARANA"
"SAN PEDRO","FEDERACION"
"CARRO QUEMADO","LOVENTUE"
"PEÑAS BLANCAS","GENERAL ROCA"
"CUATRO BOCAS","BELGRANO"
"BERABEVU","CASEROS"
"YATAYTI CALLE","LAVALLE"
"VILLA DEL CARMEN","CHACABUCO"
"CONSCRIPTO BERNARDI","FEDERAL"
"COLONIA SANTA TERESA","GUATRACHE"
"ANGASTACO","SAN CARLOS"
"SAN MARTIN","LIBERTADOR GENERAL SAN MARTÍN"
"EL MOJON","LEALES"
"TEZANOS PINTO","PARANA"
"SAN FRANCISCO DEL CHAÑAR","SOBREMONTE"
"ANTONIO TOMAS","PARANA"
"SAN RAMON DE LA NUEVA ORAN","ORAN"
"ANTAJE","BANDA"
"VIAMONTE","UNION"
"CERRO AZUL","LEANDRO N. ALEM"
"BARRIOS","YAVI"
"MALVINAS ARGENTINAS","MALVINAS ARGENTINAS"
"25 DE MAYO","25 DE MAYO"
"SAN JUSTO","URUGUAY"
"FUENTES","SAN LORENZO"
"MONTE DE LOS GAUCHOS","RIO CUARTO"
"MARIANO BOEDO","FORMOSA"
"PORTUGALETE","SAN CRISTOBAL"
"SAN GREGORIO","GENERAL LOPEZ"
"LONDRES","BELEN"
"SOUTOMAYOR","LAS COLONIAS"
"JUAN B MOLINA","CONSTITUCION"
"RACO","TAFI VIEJO"
"TECKA","LANGUIÑEO"
"INGENIERO GUILLERMO NICASIO JUAREZ","MATACOS"
"PEHUAJO","PEHUAJO"
"LA CARLOTA","JUAREZ CELMAN"
"AARON CASTELLANOS","GENERAL LOPEZ"
"COLONIA VALTELINA","SAN JUSTO"
"JUSTO DARACT","GENERAL PEDERNERA"
"CRUZ ALTA","MARCOS JUAREZ"
"CHAZON","GENERAL SAN MARTIN"
"SAN VICENTE","SAN VICENTE"
"TRELEW","RAWSON"
"CANGREJILLOS","YAVI"
"PASO DE LOS LIBRES","PASO DE LOS LIBRES"
"YAPEYU","SAN MARTIN"
"VILLA TULUMBA","TULUMBA"
"ADOLFO VAN PRAET","REALICO"
"LOS CERRILLOS","SAN JAVIER"
"CENTENARIO","CONFLUENCIA"
"MARIANO MORENO","ZAPALA"
"PALO NEGRO","RIVADAVIA"
"AREA SIN GOBIERNO","CUSHAMEN"
"INGENIERO CHANOURDIE","GENERAL OBLIGADO"
"BARRANCAS","PEHUENCHES"
"LOS AMORES","VERA"
"MARIANO I LOZA","MERCEDES"
"GENERAL ALVEAR","OBERA"
"CHRISTOPHERSEN","GENERAL LOPEZ"
"RINCON DE LOS SAUCES","PEHUENCHES"
"COMUNA 15","COMUNA 15"
"AREA SIN GOBIERNO","CHOS MALAL"
"AREA SIN GOBIERNO","GENERAL PEDERNERA"
"PERUGORRIA","CURUZU CUATIA"
"ALDEA SALTO","DIAMANTE"
"ARROYO SECO","ROSARIO"
"CHAUCHILLAS","RIO HONDO"
"CASALEGNO","SAN JERONIMO"
"SAGUIER","CASTELLANOS"
"GENERAL LAMADRID","GENERAL LAMADRID"
"TACURALES","CASTELLANOS"
"FIGHIERA","ROSARIO"
"ESPERANZA","LAS COLONIAS"
"COLONIA SAN BARTOLOME","SAN JUSTO"
"POZO DEL TIGRE","PATIÑO"
"VIALE","PARANA"
"CHAVARRIA","SAN ROQUE"
"COLONIA SANTA MARIA","UTRACAN"
"VILLA CANDELARIA NORTE","RIO SECO"
"LORETO","CANDELARIA"
"FALDA DEL CARMEN","SANTA MARÍA"
"TUCLAME","CRUZ DEL EJE"
"JUNIN DE LOS ANDES","HUILICHES"
"AMBROSETTI","SAN CRISTOBAL"
"VILLA DE SOTO","CRUZ DEL EJE"
"ALDEA GRAPSCHENTAL","DIAMANTE"
"HUMBERTO PRIMO","CASTELLANOS"
"GRAN GUARDIA","FORMOSA"
"ATAHONA","SIMOCA"
"SAN MARTIN DOS","PATIÑO"
"CORONEL BOGADO","ROSARIO"
"COLALAO DEL VALLE","TAFI DEL VALLE"
"EGUSQUIZA","CASTELLANOS"
"LA PENCA Y CARAGUATA","SAN JUSTO"
"CERRILLOS","CERRILLOS"
"CHOVET","GENERAL LOPEZ"
"ATALIVA ROCA","UTRACAN"
"COLONIA BICHA","CASTELLANOS"
"SANTURCE","SAN CRISTOBAL"
"PERGAMINO","PERGAMINO"
"VILLA DE LAS ROSAS","SAN JAVIER"
"MONTERRICO","EL CARMEN"
"MARCELINO ESCALADA","SAN JUSTO"
"VILLA DE LA QUEBRADA","BELGRANO"
"IRUYA","IRUYA"
"MAIMARA","TILCARA"
"LABOULAYE","PRESIDENTE ROQUE SAENZ PEÑA"
"LOS TOLDOS","SANTA VICTORIA"
"ALTO RIO SENGUER","RIO SENGUER"
"LOS FRENTONES","ALMIRANTE BROWN"
"SAN MARTIN DE LOS ANDES","LACAR"
"VILLA TRINIDAD","SAN CRISTOBAL"
"BIALET MASSE","PUNILLA"
"TABOADA","SAN MARTIN"
"MOLINO DOLL","VICTORIA"
"MORENO","MORENO"
"CAMPO ANDINO","LA CAPITAL"
"ÑORQUINCO","ÑORQUINCO"
"GENERAL CAPDEVILA","12 DE OCTUBRE"
"CORONEL DE MARINA L ROSALES","CORONEL DE MARINA L ROSALES"
"LA CAUTIVA","RIO CUARTO"
"LAS GARZAS","PARANA"
"CONCEPCION DEL BERMEJO","ALMIRANTE BROWN"
"MAMUEL CHOIQUE","ÑORQUINCO"
"ESTACION ARAOZ Y TACANAS","LEALES"
"MONJE","SAN JERONIMO"
"FORTIN OLMOS","VERA"
"ARDILES","BANDA"
"LAVAISSE","GENERAL PEDERNERA"
"MATILDE","LAS COLONIAS"
"CIERVO PETISO","LIBERTADOR GENERAL SAN MARTÍN"
"CASILDA","CASEROS"
"LA PUERTA","AMBATO"
"GOBERNADOR MANSILLA","TALA"
"JUAN PUJOL","MONTE CASEROS"
"GENERAL ACHA","UTRACAN"
"VILLA ATAMISQUI","ATAMISQUI"
"JARDIN AMERICA","SAN IGNACIO"
"SAN PEDRO","SAN ALBERTO"
"PUERTO SAN JULIAN","MAGALLANES"
"SAN VICENTE","GUARANI"
"CACIQUE ARIACAIQUIN","SAN JAVIER"
"POZO DE PIEDRA","BELEN"
"ROSPENTEK","GUER AIKE"
"SAN MARIANO","LAS COLONIAS"
"SAN FRANCISCO DEL MONTE DE ORO","AYACUCHO"
"SELVA","RIVADAVIA"
"GARUPA","CAPITAL"
"GENERAL LEVALLE","PRESIDENTE ROQUE SAENZ PEÑA"
"RAFAELA","CASTELLANOS"
"PIEDRAS BLANCAS","LA PAZ"
"RIO DE LOS SAUCES","CALAMUCHITA"
"HERNANDO","TERCERO ARRIBA"
"ANGACO","ANGACO"
"SARMIENTO","SARMIENTO"
"MEDELLIN","ATAMISQUI"
"COLONIA LAS CUATRO ESQUINAS","RIO PRIMERO"
"UNANUE","UTRACAN"
"SAN GENARO","SAN JERONIMO"
"LA OLLITA","TALA"
"EL FUERTE","SANTA BARBARA"
"RAICES OESTE","VILLAGUAY"
"VALLE FERTIL","VALLE FERTIL"
"VILLA MUGUETA","SAN LORENZO"
"LA CABRAL","SAN CRISTOBAL"
"VILLA ELISA","COLON"
"COLONIA MEROU","PARANA"
"POZO DEL MOLLE","RIO SEGUNDO"
"SAN FABIAN","SAN JERONIMO"
"ARROYO AGUIAR","LA CAPITAL"
"BEAZLEY","JUAN MARTÍN DE PUEYRREDÓN"
"FONTANA","SAN FERNANDO"
"AREA SIN GOBIERNO","RIO CUARTO"
"LA GALLARETA","VERA"
"LA CAROLINA EL POTOSI","RIO CUARTO"
"LA HIGUERA","CRUZ DEL EJE"
"ROMANG","SAN JAVIER"
"MALVINAS ARGENTINAS","COLON"
"SAN RAMON","FEDERACION"
"AREA SIN GOBIERNO","SALAVINA"
"DINA HUAPI","PILCANIYEU"
"AREA SIN GOBIERNO","LONCOPUE"
"GENERAL PICO","MARACO"
"VIRGINIA","CASTELLANOS"
"CURUZU CUATIA","CURUZU CUATIA"
"LA CUMBRECITA","CALAMUCHITA"
"AREA SIN GOBIERNO","JIMENEZ"
"THEOBALD","CONSTITUCION"
"LILO VIEJO - PATAY","MORENO"
"LOS CATUTOS","ZAPALA"
"URANGA","ROSARIO"
"ALTA GRACIA","SANTA MARÍA"
"COLONIA LIEBIG S","ITUZAINGO"
"NOETINGER","UNION"
"AREA SIN GOBIERNO","POCHO"
"CORONEL MOLDES","LA VIÑA"
"GENERAL PINEDO","12 DE OCTUBRE"
"COLONIA ANITA","SAN JUSTO"
"SANTA ISABEL","GENERAL LOPEZ"
"PLAZA DE MERCEDES","RIO PRIMERO"
"ALCIRA","RIO CUARTO"
"COLONIA CAROYA","COLON"
"LA MENDIETA","SAN PEDRO"
"HASENKAMP","PARANA"
"BERNARDO DE IRIGOYEN","SAN JERONIMO"
"MANUELA PEDRAZA","SIMOCA"
"VILLA DEL ROSARIO","RIO SEGUNDO"
"GOBERNADOR GREGORES","RÍO CHICO"
"LOS QUIRQUINCHOS","CASEROS"
"GENERAL ROCA","GENERAL ROCA"
"SANTA MARIA","CONCEPCION"
"RAMADA PASO","ITATI"
"GENERAL BALLIVIAN","GENERAL JOSE DE SAN MARTÍN"
"AREA SIN GOBIERNO","SAN JUSTO"
"INGENIERO LUIGGI","REALICO"
"ZAPALA","ZAPALA"
"FUERTE ESPERANZA","GENERAL GUEMES"
"ESPINILLO NORTE","PARANA"
"LA CAÑADA","FIGUEROA"
"AREA SIN GOBIERNO","PASO DE INDIOS"
"CHALACEA","RIO PRIMERO"
"SACANTA","SAN JUSTO"
"MALBRAN","AGUIRRE"
"LOS JURIES","GENERAL TABOADA"
"LINCOLN","LINCOLN"
"AREA SIN GOBIERNO","RIO GRANDE"
"MAYU SUMAJ","PUNILLA"
"TATACUA","CONCEPCION"
"VILLA MARIA","GENERAL SAN MARTIN"
"SAN MARCOS SIERRAS","CRUZ DEL EJE"
"CAYASTACITO","SAN JUSTO"
"SAN JAVIER Y YACANTO","SAN JAVIER"
"VILLA ALLENDE","COLON"
"SIR LEONARD","LA PAZ"
"FLORENTINO AMEGHINO","FLORENTINO AMEGHINO"
"NICOLAS BRUZZONE","GENERAL ROCA"
"HIPATIA","LAS COLONIAS"
"LEZAMA","LEZAMA"
"CLORINDA","PILCOMAYO"
"COMUNA 1","COMUNA 1"
"LAS PLUMAS","MARTIRES"
"ROCAMORA","URUGUAY"
"DIQUE FLORENTINO AMEGHINO","GAIMAN"
"AREA SIN GOBIERNO","PIRANE"
"PASO DUARTE","FEDERAL"
"ROSARIO DE LERMA","ROSARIO DE LERMA"
"VOLCAN","TUMBAYA"
"SANTO TOME","SANTO TOME"
"LA LUCILA","SAN CRISTOBAL"
"NELSON","LA CAPITAL"
"SAMUHU","SAN LORENZO"
"MARIA JUANA","CASTELLANOS"
"LA CRUZ","CALAMUCHITA"
"COLONIA POLANA","SAN IGNACIO"
"DIQUE CHICO","SANTA MARÍA"
"LAS BANDURRIAS","SAN MARTIN"
"RELMO","QUEMU QUEMU"
"CORRAL QUEMADO","BELEN"
"MALENA","RIO CUARTO"
"COLONIA CARRASCO","LA PAZ"
"AREA SIN GOBIERNO","ANTÁRTIDA ARGENTINA"
"ALDEA SAN ANTONIO","PARANA"
"ESTAQUITAS","LA PAZ"
"PUNTA DEL AGUA","TERCERO ARRIBA"
"SERRANO","PRESIDENTE ROQUE SAENZ PEÑA"
"WHEELWRIGHT","GENERAL LOPEZ"
"VILLA AMELIA","ROSARIO"
"AREA SIN GOBIERNO","ADOLFO ALSINA"
"SAN CLEMENTE","SANTA MARÍA"
"TENIENTE BERDINA","MONTEROS"
"MACIA","TALA"
"PICO TRUNCADO","DESEADO"
"COLONIA MARINA","SAN JUSTO"
"AREA SIN GOBIERNO","JUAREZ CELMAN"
"VALLE AZUL","EL CUY"
"VILLA CONCEPCION DEL TIO","SAN JUSTO"
"COMUNA 8","COMUNA 8"
"ABRA PAMPA","COCHINOCA"
"COLONIA BREMEN","UNION"
"VICTORICA","LOVENTUE"
"AREA SIN GOBIERNO","GASTRE"
"EL MANZANO","COLON"
"VILLA ANA","GENERAL OBLIGADO"
"TELLIER","DESEADO"
"GENERAL BELGRANO","PATIÑO"
"EL POLEAR","RIO CHICO"
"AMAICHA DEL VALLE","TAFI DEL VALLE"
"COLOMBRES","CRUZ ALTA"
"PRESIDENCIA ROQUE SAENZ PEÑA","COMANDANTE FERNANDEZ"
"VILLA ELISA","MARCOS JUAREZ"
"MORON","MORON"
"VILLA LOS AROMOS","SANTA MARÍA"
"VILLA GOBERNADOR GALVEZ","ROSARIO"
"EL ALCAZAR","LIBERTADOR GENERAL SAN MARTÍN"
"CAMPO GRANDE","CAINGUAS"
"ESCOBAR","ESCOBAR"
"SUBTENIENTE PERIN","PATIÑO"
"RIO GRANDE","RIO GRANDE"
"GARIBALDI","CASTELLANOS"
"LA HIERRA","FELICIANO"
"TANTI","PUNILLA"
"AREA SIN GOBIERNO","BELGRANO"
"RIO CUARTO","RIO CUARTO"
"DONADEU","ALBERDI"
"PICHANAL","ORAN"
"LANDETA","SAN MARTIN"
"LAS ROSAS","BELGRANO"
"SARGENTO CABRAL","CONSTITUCION"
"AREA SIN GOBIERNO","BARILOCHE"
"SAN PEDRO DE JUJUY","SAN PEDRO"
"LOS SURGENTES","MARCOS JUAREZ"
"SAN BERNARDO","9 DE JULIO"
"GUARDAMONTE","TALA"
"EL CERCADO","MONTEROS"
"TALA HUASI","PUNILLA"
"SAN BASILIO","RIO CUARTO"
"IMPIRA","RIO SEGUNDO"
"CATRILO","CATRILO"
"SAGRADA FAMILIA","RIO PRIMERO"
"DIEGO DE ROJAS","RIO PRIMERO"
"MANZANO AMARGO","MINAS"
"JUAN JOSE CASTELLI","GENERAL GUEMES"
"SANTA LUCIA","LAVALLE"
"AREA SIN GOBIERNO","CONFLUENCIA"
"CANDELARIA SUD","TOTORAL"
"LA FALDA","PUNILLA"
"GUADALUPE NORTE","GENERAL OBLIGADO"
"CANDELARIA","CANDELARIA"
"CUTRAL CO","CONFLUENCIA"
"PASCANAS","UNION"
"AREA SIN GOBIERNO","USHUAIA"
"SEBASTIAN ELCANO","RIO SECO"
"AREA SIN GOBIERNO","PILCANIYEU"
"ARATA","TRENEL"
"SAN JOSE DE LA ESQUINA","CASEROS"
"SANTA CRUZ Y LA TUNA","SIMOCA"
"LA RAMADA Y LA CRUZ","BURRUYACU"
"PARADA PUCHETA","PASO DE LOS LIBRES"
"PROGRESO","LAS COLONIAS"
"BERÓN DE ASTRADA","BERON DE ASTRADA"
"ESQUINA Y MANCOPA","LEALES"
"COLONIA MARGARITA","CASTELLANOS"
"LA POBLACION","SAN JAVIER"
"SAN CARLOS MINAS","MINAS"
"PLAZA HUINCUL","CONFLUENCIA"
"HUASA PAMPA","LA COCHA"
"SAN IGNACIO","SAN IGNACIO"
"ALDEA BRASILERA","DIAMANTE"
"VILLA MANTERO","URUGUAY"
"AREA SIN GOBIERNO","URUGUAY"
"SAN EUGENIO","SAN JERONIMO"
"FEDERAL","FEDERAL"
"GOYA","GOYA"
"RIO PICO","TEHUELCHES"
"28 DE NOVIEMBRE","GUER AIKE"
"COLONIA POPULAR","LIBERTAD"
"NUEVO TORINO","LAS COLONIAS"
"SANTA LUISA","PARANA"
"LA PICADA","PARANA"
"UNQUILLO","COLON"
"CEPEDA","CONSTITUCION"
"CORRIENTES","CAPITAL"
"SAN JOSE","SANTA MARIA"
"FAUSTINO M PARERA","GUALEGUAYCHU"
"LAGUNA DEL PESCADO","VICTORIA"
"VILLA TRAFUL","LOS LAGOS"
"MONTEAGUDO","SIMOCA"
"VINALITO","SANTA BARBARA"
"BERISSO","BERISSO"
"ARANGUREN","NOGOYA"
"LOS VARELA","AMBATO"
"CANALS","UNION"
"AREA SIN GOBIERNO","GENERAL SAN MARTIN"
"ARROYO DEL MEDIO","LEANDRO N. ALEM"
"CHARADAI","TAPENAGA"
"SALADILLO","MARCOS JUAREZ"
"COLAZO","RIO SEGUNDO"
"ARROYO LEYES","LA CAPITAL"
"BOLIVAR","BOLIVAR"
"LA VERDE","GENERAL DONOVAN"
"HUMAHUACA","HUMAHUACA"
"GODOY CRUZ","GODOY CRUZ"
"CAPITAN SOLARI","SARGENTO CABRAL"
"EXALTACION DE LA CRUZ","EXALTACIÓN DE LA CRUZ"
"LOS CHAÑARITOS (CRUZ DEL EJE)","CRUZ DEL EJE"
"COLONIA ITALIANA","MARCOS JUAREZ"
"TRES CRUCES","HUMAHUACA"
"AREA SIN GOBIERNO","AGUIRRE"
"CALMAYO","CALAMUCHITA"
"FACHINAL","CAPITAL"
"PIRANE","PIRANE"
"COLONIA AURORA","25 DE MAYO"
"AREA SIN GOBIERNO","9 DE JULIO"
"CERRO POLICIA","EL CUY"
"NUEVA ESPERANZA","PELLEGRINI"
"SANCTI SPIRITU","GENERAL LOPEZ"
"LAS PALMAS","BERMEJO"
"VILLA REGINA","GENERAL ROCA"
"SAN JUSTO","SAN JUSTO"
"POZO DEL MORTERO","BERMEJO"
"CORONEL FELIPE VARELA","CORONEL FELIPE VARELA"
"TOLAR GRANDE","LOS ANDES"
"EL NARANJO Y EL SUNCHAL","BURRUYACU"
"LAS TALAS","LEALES"
"GARAVI","SANTO TOME"
"COMUNA 4","COMUNA 4"
"AREA SIN GOBIERNO","PATIÑO"
"EL QUEBRACHO","LA PAZ"
"CHOYA","CHOYA"
"SAN CRISTOBAL","SAN CRISTOBAL"
"MEDANOS","ISLAS DEL IBICUY"
"FLORENCIA","GENERAL OBLIGADO"
"MARIA GRANDE","PARANA"
"LAS TUNAS","LAS COLONIAS"
"AREA SIN GOBIERNO","BIEDMA"
"LAMARQUE","AVELLANEDA"
"ESTACION CAMPS","DIAMANTE"
"DURAZNO","TALA"
"LAS GARCITAS","SARGENTO CABRAL"
"SANTA CATALINA","RIO CUARTO"
"7 DE ABRIL","BURRUYACU"
"ESTACION SIMBOLAR","BANDA"
"PUERTO RICO","LIBERTADOR GENERAL SAN MARTÍN"
"CAVIAHUE - COPAHUE","ÑORQUIN"
"COLONIA ELISA","SARGENTO CABRAL"
"AGUADA SAN ROQUE","AÑELO"
"BUCHARDO","GENERAL ROCA"
"LAS CALLES","SAN ALBERTO"
"MBURUCUYA","MBURUCUYA"
"TORNQUIST","TORNQUIST"
"VALLE GRANDE","VALLE GRANDE"
"QUILI MALAL","PICUNCHES"
"AREA SIN GOBIERNO","RIO HONDO"
"LAGUNA NAICK NECK","PILCOMAYO"
"1° DE MAYO","URUGUAY"
"LA GRANJA","COLON"
"CORONEL HILARIO LAGOS","CHAPALEUFU"
"CAPITAN BERMUDEZ","SAN LORENZO"
"RINCON DE NOGOYA","VICTORIA"
"LEALES","LEALES"
"RENCA","CHACABUCO"
"ZARATE","ZARATE"
"GUAVIRAVI","SAN MARTIN"
"VILLA LIBERTADOR SAN MARTIN","DIAMANTE"
"EL BOBADAL","JIMENEZ"
"CHICLIGASTA","SIMOCA"
"COLAN CONUE","25 DE MAYO"
"JUANA KOSLAY","JUAN MARTÍN DE PUEYRREDÓN"
"LOS REARTES","CALAMUCHITA"
"GUANACO MUERTO","CRUZ DEL EJE"
"GENERAL LUCIO V MANSILLA","LAISHI"
"CORONEL ARNOLD","SAN LORENZO"
"SAN JAIME DE LA FRONTERA","FEDERACION"
"LAS DELICIAS","PELLEGRINI"
"CHAÑAR LADEADO","CASEROS"
"LA LAGUNA","GENERAL SAN MARTIN"
"AREA SIN GOBIERNO","CHACABUCO"
"LA REFORMA","LIMAY MAHUIDA"
"GOBERNADOR LOPEZ","LEANDRO N. ALEM"
"LEANDRO N ALEM","LEANDRO N ALEM"
"RANCHILLOS Y SAN MIGUEL","CRUZ ALTA"
"PUEBLO ESTHER","ROSARIO"
"COLONIA SANTA ROSA","ORAN"
"SANTA ANA","CANDELARIA"
"ANTOFAGASTA DE LA SIERRA","ANTOFAGASTA DE LA SIERRA"
"AREA SIN GOBIERNO","SOBREMONTE"
"MONTE BUEY","MARCOS JUAREZ"
"OCTAVIO PICO","PEHUENCHES"
"SANTO TOMAS","COLLON CURA"
"LUJAN","LUJAN"
"ALTO PELADO","GENERAL PEDERNERA"
"VILLA CIUDAD PARQUE LOS REARTES","CALAMUCHITA"
"SALTO GRANDE","IRIONDO"
"LA COSTA","LA COSTA"
"ALDEA PROTESTANTE","DIAMANTE"
"GUALEGUAY","GUALEGUAY"
"AVIA TERAI","INDEPENDENCIA"
"TRAILL","SAN MARTIN"
"TUPUNGATO","TUPUNGATO"
"YESO OESTE","LA PAZ"
"CABAL","LA CAPITAL"
"VILLA DE POCHO","POCHO"
"PAMPA DEL INFIERNO","ALMIRANTE BROWN"
"COVUNCO ABAJO","ZAPALA"
"LAMADRID","GRANEROS"
"QUILMES Y LOS SUELDOS","LEALES"
"CAYASTA","GARAY"
"IBICUY","ISLAS DEL IBICUY"
"SAUCE MONTRULL","PARANA"
"CAMPO QUIJANO","ROSARIO DE LERMA"
"LA PAZ","SAN JAVIER"
"TOLEDO","SANTA MARÍA"
"CACHI","CACHI"
"CHARATA","CHACABUCO"
"VALCHETA","VALCHETA"
"OTUMPA","MORENO"
"GENERAL PAZ","GENERAL PAZ"
"PRONUNCIAMIENTO","URUGUAY"
"ALDEA EPULEF","LANGUIÑEO"
"GENERAL RAMIREZ","DIAMANTE"
"CHAÑAR VIEJO","RIO SECO"
"RAUCH","RAUCH"
"CHIVILCOY","CHIVILCOY"
"GARABATO","VERA"
"VILLA CIUDAD DE AMERICA","SANTA MARÍA"
"SAN IGNACIO","CALAMUCHITA"
"PUERTO LIBERTAD","IGUAZU"
"ROSARIO DEL TALA","TALA"
"EL CUADRADO","JUAN F IBARRA"
"BOUWER","SANTA MARÍA"
"BAJO CARACOLES","RÍO CHICO"
"ACEBAL","ROSARIO"
"SAN LORENZO","SAN ALBERTO"
"SAUCE","SAUCE"
"LA CESIRA","PRESIDENTE ROQUE SAENZ PEÑA"
"MELINCUE","GENERAL LOPEZ"
"VILELAS","JUAN F IBARRA"
"JOSEFINA","CASTELLANOS"
"HERRERA","URUGUAY"
"LUJAN DE CUYO","LUJAN DE CUYO"
"AREA SIN GOBIERNO","SAN MARTIN"
"MAGGIOLO","GENERAL LOPEZ"
"GRAMILLA","JIMENEZ"
"SAN FERNANDO","SAN FERNANDO"
"BARADERO","BARADERO"
"PUERTO PIRAY","MONTECARLO"
"GOBERNADOR DUVAL","CURACO"
"MAYOR VICENTE E","PIRANE"
"LA CALERA","COLON"
"GUARANI","OBERA"
"SERREZUELA","CRUZ DEL EJE"
"DEVOTO","SAN JUSTO"
"FORTIN SARGENTO 1° LEYES","PATIÑO"
"SILVIO PELLICO","GENERAL SAN MARTIN"
"COLAN CONHUE","LANGUIÑEO"
"SANTOS LUGARES","ALBERDI"
"AGUADA CECILIO","VALCHETA"
"TUNUYAN","TUNUYAN"
"LA CHISPA","GENERAL LOPEZ"
"ALCARAZ SUR","LA PAZ"
"AREA SIN GOBIERNO","ZAPALA"
"BALLESTEROS","UNION"
"AREA SIN GOBIERNO","PICUNCHES"
"SOLEDAD","SAN CRISTOBAL"
"PUESTO DEL MARQUEZ","COCHINOCA"
"MARCOS PAZ","MARCOS PAZ"
"NUEVA GALIA","GOBERNADOR DUPUY"
"HERNANDEZ","NOGOYA"
"EL TURBIO","GUER AIKE"
"ETRURIA","GENERAL SAN MARTIN"
"HELVECIA","GARAY"
"VILLA CONSTITUCION","CONSTITUCION"
"COLONIA BARON","QUEMU QUEMU"
"HIPOLITO YRIGOYEN","ORAN"
"SAN CARLOS","ITUZAINGO"
"RINCON TRENETA","9 DE JULIO"
"CARAGUATAY","MONTECARLO"
"JUSTINIANO POSSE","UNION"
"LOBOS","LOBOS"
"AREA SIN GOBIERNO","FIGUEROA"
"ALICIA","SAN JUSTO"
"MONTE OSCURIDAD","SAN CRISTOBAL"
"EMBAJADOR MARTINI","REALICO"
"MINISTRO RAMOS MEXIA","9 DE JULIO"
"SAN LORENZO","SAN LORENZO"
"FERNANDEZ","ROBLES"
"WASHINGTON","RIO CUARTO"
"AREA SIN GOBIERNO","MARTIRES"
"SAN JOSE DE LA DORMIDA","TULUMBA"
"EL TIMBO","BURRUYACU"
"COLONIA BIGAND","CASTELLANOS"
"AREA SIN GOBIERNO","TALA"
"ALDEA SANTA MARIA","UNION"
"SANTA LUCIA","SANTA LUCIA"
"VIDELA","SAN JUSTO"
"EMILIA","LA CAPITAL"
"SANTA ELENA","RIO SECO"
"LAS TOSCAS","GENERAL OBLIGADO"
"ESTACION ROBLES","SAN MARTIN"
"GENERAL GUEMES","GENERAL GUEMES"
"GREGORIA PEREZ DE DENIS","9 DE JULIO"
"LAGO PUELO","CUSHAMEN"
"BAHIA BLANCA","BAHÍA BLANCA"
"MINA PIRQUITAS","RINCONADA"
"GENERAL JUAN F QUIROGA","GENERAL JUAN F QUIROGA"
"ZAVALLA","ROSARIO"
"ALBARDON","ALBARDON"
"COLONIA ALDAO","CASTELLANOS"
"COLONIA ANA","SAN CRISTOBAL"
"LAS BREÑAS","9 DE JULIO"
"REDUCCION","JUAREZ CELMAN"
"GENERAL LAVALLE","GENERAL LAVALLE"
"PUEBLO LIEBIG S","COLON"
"VILLA DOLORES","SAN JAVIER"
"AREA SIN GOBIERNO","MORENO"
"EL GRAMIYAL","FEDERAL"
"CRESPO","PARANA"
"SANFORD","CASEROS"
"CORONEL DOMINGUEZ","ROSARIO"
"ANA ZUMARAN","UNION"
"GENERAL SAN MARTIN","GENERAL SAN MARTÍN"
"LOS CHARRUAS","CONCORDIA"
"VILLA EL CHOCON","CONFLUENCIA"
"LA SERRANITA","SANTA MARÍA"
"AREA SIN GOBIERNO","SARMIENTO"
"LOS MOLINOS","CALAMUCHITA"
"RIO CEBALLOS","COLON"
"EL ARAÑADO","SAN JUSTO"
"AREA SIN GOBIERNO","RÍO CHICO"
"DAIREAUX","DAIREAUX"
"LAS MOSCAS","URUGUAY"
"PASO DE LA PATRIA","SAN COSME"
"ALDEA BELEIRO","RIO SENGUER"
"LAGUNA YEMA","BERMEJO"
"SANTO PIPO","SAN IGNACIO"
"JUAN LLERENA","CORONEL PRINGLES"
"SAN PATRICIO DEL CHAÑAR","AÑELO"
"ROLDAN","SAN LORENZO"
"LOS MENUCOS","25 DE MAYO"
"ALDEA SANTA MARIA","PARANA"
"CAÑADA DE RIO PINTO","ISCHILIN"
"ANCHORENA","GOBERNADOR DUPUY"
"ALDEA SAN RAFAEL","PARANA"
"PLAZA CLUCELLAS","CASTELLANOS"
"CARLOS TEJEDOR","CARLOS TEJEDOR"
"EL CALAFATE","LAGO ARGENTINO"
"GUASAPAMPA","MINAS"
"EL MOJON","PELLEGRINI"
"ESTACION CLUCELLAS","CASTELLANOS"
"PAMPA MAYO","SIMOCA"
"BARTOLOME DE LAS CASAS","PATIÑO"
"AVERIAS","GENERAL TABOADA"
"NONO","SAN ALBERTO"
"ROSARIO DE LA FRONTERA","ROSARIO DE LA FRONTERA"
"LOS PEREZ","CRUZ ALTA"
"AREA SIN GOBIERNO","TEHUELCHES"
"EL SAUCE","PICUN LEUFU"
"GENERAL CAMPOS","GUATRACHE"
"LA FRANCIA","SAN JUSTO"
"SAN EDUARDO","GENERAL LOPEZ"
"SACHAYOJ","ALBERDI"
"RIO TERCERO","TERCERO ARRIBA"
"SAN GUSTAVO","LA PAZ"
"CHORRIACA","LONCOPUE"
"FORTIN CABO 1°  LUGONES","PATIÑO"
"SANTA SYLVINA","FRAY JUSTO SANTA MARÍA DE ORO"
"ESTHER","SAN JUSTO"
"LAGUNA BLANCA","PILCOMAYO"
"MIGUEL RIGLOS","ATREUCO"
"QUEBRACHO HERRADO","SAN JUSTO"
"MUTQUIN","POMAN"
"CARMEN DEL SAUCE","ROSARIO"
"LARRECHEA","SAN JERONIMO"
"EL MANSO","BARILOCHE"
"WANDA","IGUAZU"
"EL SAUZALITO","GENERAL GUEMES"
"AREA SIN GOBIERNO","GUALEGUAY"
"TOLHUIN","TOLHUIN"
"CIUDACITA","SIMOCA"
"AREA SIN GOBIERNO","BANDA"
"RIACHUELO","CAPITAL"
"AREA SIN GOBIERNO","SAN ALBERTO"
"SEGUNDA USINA","CALAMUCHITA"
"CASAS","SAN MARTIN"
"LA MATANZA","LA MATANZA"
"ALDEA SAN ANTONIO","GUALEGUAYCHU"
"SANTA CLARA","SANTA BARBARA"
"ARROYO BARU","COLON"
"COLONIA SAN JUAN","FIGUEROA"
"AREA SIN GOBIERNO","LIBERTADOR GENERAL SAN MARTÍN"
"PUERTO LEONI","LIBERTADOR GENERAL SAN MARTÍN"
"CARCARAÑA","SAN LORENZO"
"ARROYO CEIBAL","GENERAL OBLIGADO"
"COSTA URUGUAY NORTE","GUALEGUAYCHU"
"LA QUIACA","YAVI"
"LA CANDELARIA","LA CANDELARIA"
"SIERRA COLORADA","9 DE JULIO"
"LA ESPERANZA","TAFI VIEJO"
"CHAPUY","GENERAL LOPEZ"
"LOGROÑO","9 DE JULIO"
"LOVENTUE","LOVENTUE"
"PALPALA","PALPALA"
"BETBEDER","NOGOYA"
"HIPOLITO YRIGOYEN","SAN IGNACIO"
"LAS GARZAS","GENERAL OBLIGADO"
"VILLA RIO BERMEJITO","GENERAL GUEMES"
"COSTA SACATE","RIO SEGUNDO"
"BREA POZO","SAN MARTIN"
"PUERTO ESPERANZA","IGUAZU"
"AREA SIN GOBIERNO","PRESIDENTE ROQUE SAENZ PEÑA"
"SAN ANTONIO OESTE","SAN ANTONIO"
"EL CADILLAL","TAFI VIEJO"
"VILLA CLARA","VILLAGUAY"
"EL BOLSON","BARILOCHE"
"EMBARCACION","GENERAL JOSE DE SAN MARTÍN"
"ARROYITO","SAN JUSTO"
"LAS TAPIAS","SAN JAVIER"
"COLONIA LIBERTAD","MONTE CASEROS"
"COMANDANTE FONTANA","PATIÑO"
"SAN ISIDRO DE LULES","LULES"
"COLONIA GENERAL ROCA","CONCORDIA"
"LA PARA","RIO PRIMERO"
"PAPAGAYOS","CHACABUCO"
"CONHELO","CONHELO"
"RUEDA","CONSTITUCION"
"AVELLANEDA","AVELLANEDA"
"ESTACION YERUA","CONCORDIA"
"CRUZ DE CAÑA","CRUZ DEL EJE"
"ARRECIFES","ARRECIFES"
"CASARES","AGUIRRE"
"OMBU","LA PAZ"
"LEHMANN","CASTELLANOS"
"AREA SIN GOBIERNO","ATAMISQUI"
"TALA CAÑADA","POCHO"
"CIENAGA DEL CORO","MINAS"
"SAN JOSE","COLON"
"CAÑADA DEL UCLE","GENERAL LOPEZ"
"LOS PUESTOS","LEALES"
"SAUCE VIEJO","LA CAPITAL"
"VALLE DE ANISACATE","SANTA MARÍA"
"EL PIQUETE","SANTA BARBARA"
"BELLA ITALIA","CASTELLANOS"
"TRES LAGOS","LAGO ARGENTINO"
"ALDEA MARIA LUISA","PARANA"
"PUEBLO MUÑOZ","ROSARIO"
"CALCHAQUI","VERA"
"SAN JERONIMO NORTE","LAS COLONIAS"
"OLAETA","JUAREZ CELMAN"
"SAN ANTONIO DE ARREDONDO","PUNILLA"
"VILLA BELGRANO","JUAN B ALBERDI"
"GENERAL ALVEAR","DIAMANTE"
"SANTA ROSA DE CALCHINES","GARAY"
"CHUÑA HUASI","SOBREMONTE"
"TOMAS M ANCHORENA","ATREUCO"
"ROLON","ATREUCO"
"PASO DE INDIOS","PASO DE INDIOS"
"SAN ANTONIO DE LITIN","UNION"
"CONCARAN","CHACABUCO"
"TELEN","LOVENTUE"
"LAPRIDA","LAPRIDA"
"YACARE","LA PAZ"
"SAN MIGUEL DE TUCUMAN","CAPITAL"
"ESTANCIA GRANDE","CONCORDIA"
"DIEGO DE ALVEAR","GENERAL LOPEZ"
"BELTRAN","ROBLES"
"TAPALQUE","TAPALQUE"
"SAN MARTIN","OBERA"
"AREA SIN GOBIERNO","LANGUIÑEO"
"PUAN","PUAN"
"VILLA MIRASOL","QUEMU QUEMU"
"EL ARENAL","JIMENEZ"
"PUESTO DE CASTRO","RIO SECO"
"LAS CUEVAS","DIAMANTE"
"LUJAN","AYACUCHO"
"ALDEA ASUNCION","GUALEGUAY"
"PUMAHUASI","YAVI"
"MONTE LEÑA","UNION"
"LA VIÑA","LA VIÑA"
"BANDA DEL RIO SALI","CRUZ ALTA"
"FIRMAT","GENERAL LOPEZ"
"VILLA SARMIENTO","SAN ALBERTO"
"AGUILARES","RIO CHICO"
"CHOROTIS","FRAY JUSTO SANTA MARÍA DE ORO"
"GENERAL FERNANDEZ ORO","GENERAL ROCA"
"LOS SARMIENTOS Y LA TIPA","RIO CHICO"
"LA PUNTA","JUAN MARTÍN DE PUEYRREDÓN"
"BUEN PASTO","SARMIENTO"
"CHIMPAY","AVELLANEDA"
"SOL DE JULIO","OJO DE AGUA"
"CAPIOVI","LIBERTADOR GENERAL SAN MARTÍN"
"LORETO","SAN MIGUEL"
"CASA GRANDE","PUNILLA"
"VILLA VALERIA","GENERAL ROCA"
"ITACARUARE","SAN JAVIER"
"HUINCA RENANCO","GENERAL ROCA"
"COLONIA DORA","AVELLANEDA"
"DISTRITO PRIMERO (PRIMER DISTRITO CUCHILLA)","GUALEGUAY"
"ISLA DEL CERRITO","BERMEJO"
"AREA SIN GOBIERNO","GUER AIKE"
"GENERAL VEDIA","BERMEJO"
"CONA NIYEU","9 DE JULIO"
"LAS ARRIAS","TULUMBA"
"ELDORADO","ELDORADO"
"LA TIGRA","O HIGGINS"
"PELLEGRINI","PELLEGRINI"
"SAUJIL","POMAN"
"EDUARDO CASTEX","CONHELO"
"LOS BULACIO Y LOS VILLAGRA","CRUZ ALTA"
"COLONIA OFICIAL N° 3 Y 14","LA PAZ"
"RIO SECO","MONTEROS"
"CAÑADA ESCOBAR","BANDA"
"SAN JERONIMO","JUAN MARTÍN DE PUEYRREDÓN"
"LA CAMILA","SAN JUSTO"
"CASTELAR","SAN MARTIN"
"VILLA DEL TOTORAL","TOTORAL"
"ESQUEL","FUTALEUFU"
"LA CRUZ","SAN MARTIN"
"VILLA DE MERLO","JUNIN"
"CURTIEMBRE","PARANA"
"LUIS BELTRAN","AVELLANEDA"
"CAMPO SANTO","GENERAL GUEMES"
"EL RODEO","TULUMBA"
"INDEPENDENCIA","INDEPENDENCIA"
"SANTA ELENA","LA PAZ"
"CORDOBA","CAPITAL"
"AREA SIN GOBIERNO","LA PAZ"
"RINCONADA","RINCONADA"
"SOLDINI","ROSARIO"
"EL SOLAR, SAN CARLOS Y COLONIA BERTOZZI","LA PAZ"
"ANDACOLLO","MINAS"
"VILLA SAN ISIDRO","SANTA MARÍA"
"AREA SIN GOBIERNO","CONCORDIA"
"BOVRIL","LA PAZ"
"CASTRO BARROS","CASTRO BARROS"
"FREYRE","SAN JUSTO"
"GAN GAN","TELSEN"
"RIO TURBIO","GUER AIKE"
"EL SACRIFICIO","LA COCHA"
"SAN ANTONIO","GENERAL MANUEL BELGRANO"
"ALCORTA","CONSTITUCION"
"OLIVEROS","IRIONDO"
"TALITA","JUNIN"
"LARROQUE","GUALEGUAYCHU"
"FELIPE YOFRE","MERCEDES"
"CASA DE PIEDRA","PUELEN"
"SAMPACHO","RIO CUARTO"
"SAN CARLOS SUD","LAS COLONIAS"
"DOLORES","DOLORES"
"PAJONAL","VICTORIA"
"POTRERO DE LOS FUNES","JUAN MARTÍN DE PUEYRREDÓN"
"LAVALLE","GUASAYAN"
"LOS NUÑEZ","RIO HONDO"
"LAZZARINO","GENERAL LOPEZ"
"MENDIOLAZA","COLON"
"LA TORDILLA","SAN JUSTO"
"LAURENCENA","NOGOYA"
"GENERAL ARENALES","GENERAL ARENALES"
"CHIMBAS","CHIMBAS"
"TOSNO","MINAS"
"TACO RALO","GRANEROS"
"CAMPO GRANDE","GENERAL ROCA"
"ANGELICA","CASTELLANOS"
"EL FORTIN","SAN JUSTO"
"PUERTA DE SAN JOSE","BELEN"
"LOS CHIRIGUANOS","BERMEJO"
"PUEBLO ANDINO","IRIONDO"
"LOMA ALTA","SAN JERONIMO"
"POMONA","AVELLANEDA"
"EL CABURE","COPO"
"HERRADURA","LAISHI"
"GENERAL LAS HERAS","GENERAL LAS HERAS"
"PASO DE LA LAGUNA","VILLAGUAY"
"VINARA","RIO HONDO"
"GENERAL VIAMONTE","GENERAL VIAMONTE"
"CHAJARI","FEDERACION"
"CLODOMIRO LEDESMA","CONCORDIA"
"ESTACION ATAMISQUI","ATAMISQUI"
"AREA SIN GOBIERNO","TOTORAL"
"SAN ANTONIO DE ARECO","SAN ANTONIO DE ARECO"
"AUSONIA","GENERAL SAN MARTIN"
"LAS VARILLAS","SAN JUSTO"
"LEGUIZAMON","PRESIDENTE ROQUE SAENZ PEÑA"
"LA CRIOLLA","SAN JUSTO"
"AREA SIN GOBIERNO","GENERAL TABOADA"
"YANIMA","LA COCHA"
"APOLINARIO SARAVIA","ANTA"
"MENCUE","EL CUY"
"VERTIZ","CHAPALEUFU"
"LEON ROUGES Y STA","MONTEROS"
"PASCO","GENERAL SAN MARTIN"
"MAXIMO PAZ","CONSTITUCION"
"SALTO","SALTO"
"FLORENTINO AMEGHINO","SAN JAVIER"
"EL CHOLAR","ÑORQUIN"
"INTIYACO","VERA"
"BAUER Y SIGEL","CASTELLANOS"
"NAVARRO","NAVARRO"
"AMBERES","MONTEROS"
"MORTEROS","SAN JUSTO"
"TINOCO","COLON"
"CAÑADA DE GOMEZ","IRIONDO"
"SERODINO","IRIONDO"
"COLONIA AYUI","CONCORDIA"
"LA PLATA","LA PLATA"
"DALMACIO VELEZ","TERCERO ARRIBA"
"PUNTA INDIO","PUNTA INDIO"
"CHUCUL","RIO CUARTO"
"ARROYO DEL MEDIO","FEDERAL"
"SAN BERNARDO","O HIGGINS"
"CENTENO","SAN JERONIMO"
"GASTRE","GASTRE"
"VALLE HERMOSO","PUNILLA"
"BUENA VISTA","SIMOCA"
"TRES ARROYOS","TRES ARROYOS"
"CAPILLA DE LOS REMEDIOS","RIO PRIMERO"
"CLODOMIRA","BANDA"
"ANGUIL","CAPITAL"
"SUNCHO CORRAL","JUAN F IBARRA"
"TAPIA","TRANCAS"
"BENJAMIN GOULD","UNION"
"PUERTO YERUA","CONCORDIA"
"DESAGUADERO","JUAN MARTÍN DE PUEYRREDÓN"
"FAMAILLA","FAMAILLA"
"ACHIRAS","RIO CUARTO"
"MARIA LUISA","LAS COLONIAS"
"PAMPA ALMIRON","LIBERTADOR GENERAL SAN MARTÍN"
"COLONIA SAN PEDRO","SAN JUSTO"
"VICUÑA MACKENNA","RIO CUARTO"
"ANDRESITO","GENERAL MANUEL BELGRANO"
"CARMEN","GENERAL LOPEZ"
"LA BRAVA","SAN JAVIER"
"POTRERO DE GARAY","SANTA MARÍA"
"URIBURU","CATRILO"
"SAN MARTIN NORTE","SAN JUSTO"
"ARTEAGA","CASEROS"
"HUALFIN","BELEN"
"TAPSO","EL ALTO"
"CAPILLA DEL CARMEN","RIO SEGUNDO"
"CHOS MALAL","CHOS MALAL"
"CONCEPCION","CHICLIGASTA"
"GARRUCHOS","SANTO TOME"
"ARIAS","MARCOS JUAREZ"
"DOCTOR RICARDO ROJAS","RIO SENGUER"
"SAN JOSE DEL MORRO","GENERAL PEDERNERA"
"BENJAMIN ARAOZ  Y EL TAJAMAR","BURRUYACU"
"VILLA CERRO AZUL","COLON"
"CORONEL BELISLE","AVELLANEDA"
"RUMI PUNCO","LA COCHA"
"CALCHIN","RIO SEGUNDO"
"COMALLO","PILCANIYEU"
"ALUMINE","ALUMINE"
"YALA","DOCTOR MANUEL BELGRANO"
"LOS COCOS","PUNILLA"
"VILLA RUMIPAL","CALAMUCHITA"
"YUTO","LEDESMA"
"CAMPO LARGO","INDEPENDENCIA"
"CERRO CENTINELA","FUTALEUFU"
"LAGUNITA SALADA","GASTRE"
"LA INVERNADA","FIGUEROA"
"AGUSTONI","MARACO"
"AREA SIN GOBIERNO","JUNIN"
"BANDERA BAJADA","FIGUEROA"
"LAS LAJAS","PICUNCHES"
"ESTANCIA VIEJA","PUNILLA"
"FRIAS","CHOYA"
"GENERAL LA MADRID","GENERAL LA MADRID"
"HUGHES","GENERAL LOPEZ"
"VILLA CURI LEUVU","CHOS MALAL"
"COLONIA ELIA","URUGUAY"
"LA PALESTINA","GENERAL SAN MARTIN"
"EL PUESTITO","BURRUYACU"
"PUERTO SANTA CRUZ","CORPEN AIKE"
"CORCOVADO","FUTALEUFU"
"BRINKMANN","SAN JUSTO"
"SAUCE PINTO","PARANA"
"OLIVARES DE SAN NICOLAS","ISCHILIN"
"LAS COLORADAS","CATAN LIL"
"PUEBLO LIBERTADOR","ESQUINA"
"SAN RAFAEL","SAN RAFAEL"
"COLONIA ALEMANA","FEDERACION"
"TIO PUJIO","GENERAL SAN MARTIN"
"VILLA FONTANA","RIO PRIMERO"
"EL PINGO","PARANA"
"ARISTOBULO DEL VALLE","CAINGUAS"
"HERLITZKA","SAN LUIS DEL PALMAR"
"SAN PEDRO Y SAN ANTONIO","SIMOCA"
"SANTA VICTORIA ESTE","RIVADAVIA"
"LA RUBIA","SAN CRISTOBAL"
"ARROYO BURGOS","PARANA"
"MONTE QUEMADO","COPO"
"CAPITAN CACERES","MONTEROS"
"CORONEL SUAREZ","CORONEL SUAREZ"
"LOS PIRPINTOS","COPO"
"AREA SIN GOBIERNO","COLLON CURA"
"ALMAFUERTE","TERCERO ARRIBA"
"UBAJAY","COLON"
"ALBARELLOS","ROSARIO"
"VILLA OJO DE AGUA","OJO DE AGUA"
"SANTA ISABEL","CHALILEO"
"SIERRA GRANDE","SAN ANTONIO"
"LOS ANTIGUOS","LAGO BUENOS AIRES"
"SAUCE DE LUNA","FEDERAL"
"COLONIA 25 DE MAYO","PUELEN"
"VILLA GOBERNADOR ETCHEVEHERE","PARANA"
"CHURQUI CAÑADA","TULUMBA"
"CORRAL DE BUSTOS","MARCOS JUAREZ"
"ARGENTINA","AGUIRRE"
"GILBERT","GUALEGUAYCHU"
"QUEHUE","UTRACAN"
"BATAVIA","GOBERNADOR DUPUY"
"JULIA DUFOUR","GUER AIKE"
"AREA SIN GOBIERNO","VICTORIA"
"AREA SIN GOBIERNO","TULUMBA"
"RUCANELO","CONHELO"
"AREA SIN GOBIERNO","ISCHILIN"
"LOS MISTOLES","TOTORAL"
"VILLA GESELL","VILLA GESELL"
"SAN JOSE","LAS COLONIAS"
"AREA SIN GOBIERNO","PEHUENCHES"
"VILLA MAILIN","AVELLANEDA"
"CULULU","LAS COLONIAS"
"ARRAGA","SILIPICA"
"SAN VICENTE","CASTELLANOS"
"VILLA DE MARIA","RIO SECO"
"BIGAND","CASEROS"
"FRAGA","CORONEL PRINGLES"
"IRIGOYEN","SAN JERONIMO"
"RUIZ DE MONTOYA","LIBERTADOR GENERAL SAN MARTÍN"
"ATAHONA","RIO PRIMERO"
"CAA YARI","LEANDRO N. ALEM"
"BALDE","JUAN MARTÍN DE PUEYRREDÓN"
"RUFINO","GENERAL LOPEZ"
"AREA SIN GOBIERNO","PILAGAS"
"LA PAISANITA","SANTA MARÍA"
"AREA SIN GOBIERNO","JUAN F IBARRA"
"SARMIENTO","TOTORAL"
"CEBALLOS","CHAPALEUFU"
"MACIEL","SAN JERONIMO"
"LOS CONDORES","CALAMUCHITA"
"AREA SIN GOBIERNO","RAMON LISTA"
"SARMIENTO","LAS COLONIAS"
"LA CALERA","BELGRANO"
"DEL CAMPILLO","GENERAL ROCA"
"TEODELINA","GENERAL LOPEZ"
"AREA SIN GOBIERNO","RIO SENGUER"
"LA CRIOLLA","CONCORDIA"
"COLONIA VIGNAUD","SAN JUSTO"
"SAUCE ARRIBA","SAN ALBERTO"
"EL TALAR","SANTA BARBARA"
"PUESTO VIEJO","EL CARMEN"
"YAMINUE","9 DE JULIO"
"HAMBIS","COLON"
"PERU","GUATRACHE"
"VILLA DEL DIQUE","CALAMUCHITA"
"LUYABA","SAN JAVIER"
"HUMBOLDT","LAS COLONIAS"
"VILLA EL CHACAY","RIO CUARTO"
"TANDIL","TANDIL"
"LOPEZ","SAN JERONIMO"
"MAQUINISTA GALLINI","RIO PRIMERO"
"SAN JERONIMO SUD","SAN LORENZO"
"GUARDIA ESCOLTA","BELGRANO"
"SAN JOSE DE LAS SALINAS","TULUMBA"
"MELO","PRESIDENTE ROQUE SAENZ PEÑA"
"AREA SIN GOBIERNO","RIVADAVIA"
"AREA SIN GOBIERNO","GUASAYAN"
"VIEDMA","ADOLFO ALSINA"
"FLORENCIO VARELA","FLORENCIO VARELA"
"APOSTOLES","APOSTOLES"
"FIAMBALA","TINOGASTA"
"LOS HELECHOS","OBERA"
"BERNARDO DE IRIGOYEN","GENERAL MANUEL BELGRANO"
"CHOELE CHOEL","AVELLANEDA"
"VILLA DOMINGUEZ","VILLAGUAY"
"DISTRITO TALITAS","GUALEGUAYCHU"
"DOS DE MAYO","CAINGUAS"
"LOS TELARES","SALAVINA"
"SIERRA PAILEMAN","VALCHETA"
"PAMPA DEL INDIO","LIBERTADOR GENERAL SAN MARTÍN"
"JACINTO ARAUZ","HUCAL"
"BALLESTEROS SUD","UNION"
"VILLA LA PUNTA","CHOYA"
"CHICHINALES","GENERAL ROCA"
"METILEO","TRENEL"
"SAN PEDRO DE COLALAO","TRANCAS"
"VICTORIA","VICTORIA"
"MAR CHIQUITA","MAR CHIQUITA"
"CHOROMORO","TRANCAS"
"ALDERETES","CRUZ ALTA"
"FEDERACION","FEDERACION"
"AREA SIN GOBIERNO","CORONEL PRINGLES"
"PUERTO PIRAMIDES","BIEDMA"
"CARLOS PELLEGRINI","SAN MARTIN"
"FRONTERA","CASTELLANOS"
"JOSE DE SAN MARTIN","TEHUELCHES"
"AURELIA","CASTELLANOS"
"AVELLANEDA","ISCHILIN"
"TELSEN","TELSEN"
"VILLA RIO ICHO CRUZ","PUNILLA"
"ALDEA SAN MIGUEL","NOGOYA"
"BUSTINZA","IRIONDO"
"CASEROS","URUGUAY"
"HIPOLITO YRIGOYEN","HUMAHUACA"
"SUSQUES","SUSQUES"
"AREA SIN GOBIERNO","LAGO BUENOS AIRES"
"MALAGUEÑO","SANTA MARÍA"
"EL HUECU","ÑORQUIN"
"CIENEGUILLAS","SANTA CATALINA"
"SAN BERNARDO","SAN JUSTO"
"GRANEROS","GRANEROS"
"VILA","CASTELLANOS"
"QUITILIPI","QUITILIPI"
"PILQUINIYEU DEL LIMAY","PILCANIYEU"
"DOBLAS","ATREUCO"
"ARROYO CLE","TALA"
"AYACUCHO","AYACUCHO"
"TOSTADO","9 DE JULIO"
"ALLEN","GENERAL ROCA"
"TORDILLO","TORDILLO"
"PICUN LEUFU","PICUN LEUFU"
"DESVIO ARIJON","SAN JERONIMO"
"GENERAL ANGEL V PEÑALOZA","GENERAL ÁNGEL VERA PEÑALOZA"
"BULNES","RIO CUARTO"
"MONTE VERA","LA CAPITAL"
"URUNDEL","ORAN"
"EL ESPINILLO","PILAGAS"
"FRAILE PINTADO","LEDESMA"
"LA BATEA","CRUZ DEL EJE"
"FRANCK","LAS COLONIAS"
"PUERTO BERMEJO","BERMEJO"
"PRAHUANIYEU","9 DE JULIO"
"PERITO MORENO","LAGO BUENOS AIRES"
"AGUADA GUZMAN","EL CUY"
"GOBERNADOR SOLA","TALA"
"ROQUE PEREZ","ROQUE PEREZ"
"AREA SIN GOBIERNO","LORETO"
"VILLA GENERAL ROCA","BELGRANO"
"EL SOMBRERITO","GENERAL OBLIGADO"
"PANAMBI","OBERA"
"SAN AGUSTIN","CALAMUCHITA"
"MOISES VILLE","SAN CRISTOBAL"